"item","report","page_id","visual_id","path"
"ssr_history.col.step_outcome","Management Report.Report","0beeba5356e17846a179","a63ddb4ea0cf94d2c1e4","powerbi/src\Management Report.Report\definition\pages\0beeba5356e17846a179\visuals\a63ddb4ea0cf94d2c1e4\visual.json"
"ssr_history.col.step_outcome","Management Report.Report","0beeba5356e17846a179","af5e4168528aca0fcf0b","powerbi/src\Management Report.Report\definition\pages\0beeba5356e17846a179\visuals\af5e4168528aca0fcf0b\visual.json"
"ssr_history.col.step_outcome","Management Report.Report","0beeba5356e17846a179","bc95a0bc704aa550399d","powerbi/src\Management Report.Report\definition\pages\0beeba5356e17846a179\visuals\bc95a0bc704aa550399d\visual.json"
"ssr_history.col.step_outcome","Management Report.Report","0beeba5356e17846a179","cb67e0746453c2d86b36","powerbi/src\Management Report.Report\definition\pages\0beeba5356e17846a179\visuals\cb67e0746453c2d86b36\visual.json"
"ssr_history.col.step_outcome","Management Report.Report","0beeba5356e17846a179","e9fc970ec9c301095b2d","powerbi/src\Management Report.Report\definition\pages\0beeba5356e17846a179\visuals\e9fc970ec9c301095b2d\visual.json"
"ssr_history.col.step_outcome","Management Report.Report","504acf60792a22e9583a","3cb533cdca003ea20796","powerbi/src\Management Report.Report\definition\pages\504acf60792a22e9583a\visuals\3cb533cdca003ea20796\visual.json"
"ssr_history.col.step_outcome","Management Report.Report","5db374fe0e16d16471c3","893e0c5edd6f7a2321e1","powerbi/src\Management Report.Report\definition\pages\5db374fe0e16d16471c3\visuals\893e0c5edd6f7a2321e1\visual.json"
"ssr_history.col.step_outcome","Management Report.Report","5db374fe0e16d16471c3","c20adf00b303282115ef","powerbi/src\Management Report.Report\definition\pages\5db374fe0e16d16471c3\visuals\c20adf00b303282115ef\visual.json"
"ssr_history.col.step_outcome","Management Report.Report","7a0d99c82a8686e63554","c3ca7cd0a7024c106184","powerbi/src\Management Report.Report\definition\pages\7a0d99c82a8686e63554\visuals\c3ca7cd0a7024c106184\visual.json"
"ssr_history.col.step_outcome","Management Report.Report","7a0d99c82a8686e63554","d26fa2e5edc00c1d81e4","powerbi/src\Management Report.Report\definition\pages\7a0d99c82a8686e63554\visuals\d26fa2e5edc00c1d81e4\visual.json"
"ssr_history.col.step_outcome","Management Report.Report","a1a084cbe0010dc0217d","0a349b96a153c57aa101","powerbi/src\Management Report.Report\definition\pages\a1a084cbe0010dc0217d\visuals\0a349b96a153c57aa101\visual.json"
"ssr_history.col.step_outcome","Management Report.Report","a1a084cbe0010dc0217d","37c881b64c3b25c085e1","powerbi/src\Management Report.Report\definition\pages\a1a084cbe0010dc0217d\visuals\37c881b64c3b25c085e1\visual.json"
"ssr_history.col.step_outcome","Management Report.Report","a1a084cbe0010dc0217d","54bf3aa71ba440068957","powerbi/src\Management Report.Report\definition\pages\a1a084cbe0010dc0217d\visuals\54bf3aa71ba440068957\visual.json"
"ssr_history.col.step_outcome","Management Report.Report","a1a084cbe0010dc0217d","5db772d32e65cc0dcb0e","powerbi/src\Management Report.Report\definition\pages\a1a084cbe0010dc0217d\visuals\5db772d32e65cc0dcb0e\visual.json"
"ssr_history.col.step_outcome","Management Report.Report","a1a084cbe0010dc0217d","adcc2a4f680ca719b8f5","powerbi/src\Management Report.Report\definition\pages\a1a084cbe0010dc0217d\visuals\adcc2a4f680ca719b8f5\visual.json"
"ssr_history.col.step_outcome","Management Report.Report","a1a084cbe0010dc0217d","b1228c807bd8283c3d37","powerbi/src\Management Report.Report\definition\pages\a1a084cbe0010dc0217d\visuals\b1228c807bd8283c3d37\visual.json"
"users.col.full_name","Automatic Data Enhancement Report.Report","ReportSection9ff97ea42d06c45acf75","5d4abb84201112016bcf","powerbi/src\Automatic Data Enhancement Report.Report\definition\pages\ReportSection9ff97ea42d06c45acf75\visuals\5d4abb84201112016bcf\visual.json"
"users.col.full_name","Automatic Data Enhancement Report.Report","ReportSection9ff97ea42d06c45acf75","9258afe04852239cbd48","powerbi/src\Automatic Data Enhancement Report.Report\definition\pages\ReportSection9ff97ea42d06c45acf75\visuals\9258afe04852239cbd48\visual.json"
"users.col.full_name","Data Quality Assessment Report (DQA).Report","ReportSection9ff97ea42d06c45acf75","9258afe04852239cbd48","powerbi/src\Data Quality Assessment Report (DQA).Report\definition\pages\ReportSection9ff97ea42d06c45acf75\visuals\9258afe04852239cbd48\visual.json"
"users.col.full_name","Dataset - Azure Data Lake - Automatic Data Enhancement.Report","aaf5d6c58453bb4bb064","31a2788077000ac37e0d","powerbi/src\Dataset - Azure Data Lake - Automatic Data Enhancement.Report\definition\pages\aaf5d6c58453bb4bb064\visuals\31a2788077000ac37e0d\visual.json"
"users.col.full_name","Dataset - Azure Data Lake - Automatic Data Enhancement.Report","aaf5d6c58453bb4bb064","d04d5e30418d0915c50e","powerbi/src\Dataset - Azure Data Lake - Automatic Data Enhancement.Report\definition\pages\aaf5d6c58453bb4bb064\visuals\d04d5e30418d0915c50e\visual.json"
"users.col.full_name","Dataset - Azure Data Lake - Sales Performance.Report","a713ea891b75dfb680a3","364558e68ca3c32d17ea","powerbi/src\Dataset - Azure Data Lake - Sales Performance.Report\definition\pages\a713ea891b75dfb680a3\visuals\364558e68ca3c32d17ea\visual.json"
"users.col.full_name","Management Report.Report","5db374fe0e16d16471c3","d08369d0e2cb818510ef","powerbi/src\Management Report.Report\definition\pages\5db374fe0e16d16471c3\visuals\d08369d0e2cb818510ef\visual.json"
"users.col.full_name","Management Report.Report","ReportSectionb07253efd5c64833e90c","21fedce8012557297392","powerbi/src\Management Report.Report\definition\pages\ReportSectionb07253efd5c64833e90c\visuals\21fedce8012557297392\visual.json"
"users.col.full_name","Management Report.Report","ReportSectionc08d4590331ba8523fa9","1417a4885406708dd2d2","powerbi/src\Management Report.Report\definition\pages\ReportSectionc08d4590331ba8523fa9\visuals\1417a4885406708dd2d2\visual.json"
"users.col.full_name","Strategy Report.Report","1620767c4c0ce5527c53","008fd3350734b8c2ce37","powerbi/src\Strategy Report.Report\definition\pages\1620767c4c0ce5527c53\visuals\008fd3350734b8c2ce37\visual.json"
"users.col.full_name","Strategy Report.Report","20e1a4ec81d6719c331e","905d0e1cdf4071c41b76","powerbi/src\Strategy Report.Report\definition\pages\20e1a4ec81d6719c331e\visuals\905d0e1cdf4071c41b76\visual.json"
"users.col.full_name","Strategy Report.Report","5fa311f808ee2894b08a","fc64d4af80c8a9e69a6e","powerbi/src\Strategy Report.Report\definition\pages\5fa311f808ee2894b08a\visuals\fc64d4af80c8a9e69a6e\visual.json"
"users.col.full_name","Strategy Report.Report","622a53233633480da0ae","af0f562536c0307c5dbc","powerbi/src\Strategy Report.Report\definition\pages\622a53233633480da0ae\visuals\af0f562536c0307c5dbc\visual.json"
"users.col.full_name","Strategy Report.Report","696d661f070dd41a7206","d23e7ce159a12809967e","powerbi/src\Strategy Report.Report\definition\pages\696d661f070dd41a7206\visuals\d23e7ce159a12809967e\visual.json"
"users.col.full_name","Strategy Report.Report","7b9270b0122a87081a97","7ca2279c800add99cadc","powerbi/src\Strategy Report.Report\definition\pages\7b9270b0122a87081a97\visuals\7ca2279c800add99cadc\visual.json"
"users.col.full_name","Strategy Report.Report","7ccdebfd672051e0799d","ee8d676e003e3bb27db9","powerbi/src\Strategy Report.Report\definition\pages\7ccdebfd672051e0799d\visuals\ee8d676e003e3bb27db9\visual.json"
"users.col.full_name","Strategy Report.Report","7d954e6a40dc7a55d370","6a05c440c95d265161c0","powerbi/src\Strategy Report.Report\definition\pages\7d954e6a40dc7a55d370\visuals\6a05c440c95d265161c0\visual.json"
"users.col.full_name","Strategy Report.Report","9613185c0b5d01cc2e8b","76539c6f0b5090e73b00","powerbi/src\Strategy Report.Report\definition\pages\9613185c0b5d01cc2e8b\visuals\76539c6f0b5090e73b00\visual.json"
"users.col.full_name","Strategy Report.Report","9a7761f3d0b5d13c31b4","a9afcd10cb7b625503c5","powerbi/src\Strategy Report.Report\definition\pages\9a7761f3d0b5d13c31b4\visuals\a9afcd10cb7b625503c5\visual.json"
"users.col.full_name","Strategy Report.Report","a870a1bb0b6919938d14","e6429398be8336f4d41b","powerbi/src\Strategy Report.Report\definition\pages\a870a1bb0b6919938d14\visuals\e6429398be8336f4d41b\visual.json"
"users.col.full_name","Strategy Report.Report","b2298fbfb64c37e2a75a","674817a10e04d82c882e","powerbi/src\Strategy Report.Report\definition\pages\b2298fbfb64c37e2a75a\visuals\674817a10e04d82c882e\visual.json"
"users.col.full_name","Strategy Report.Report","b8914151d503db62b151","86c8eb8dbb24a2cd4884","powerbi/src\Strategy Report.Report\definition\pages\b8914151d503db62b151\visuals\86c8eb8dbb24a2cd4884\visual.json"
"users.col.full_name","Strategy Report.Report","bc74a4ff28fe9a0abc93","8f914cdf0e8d0617a103","powerbi/src\Strategy Report.Report\definition\pages\bc74a4ff28fe9a0abc93\visuals\8f914cdf0e8d0617a103\visual.json"
"users.col.full_name","Strategy Report.Report","c9f4197fb1d9c484cecd","dc224395b9055a557909","powerbi/src\Strategy Report.Report\definition\pages\c9f4197fb1d9c484cecd\visuals\dc224395b9055a557909\visual.json"
"users.col.full_name","Strategy Report.Report","d32b59d645711c6c6a4a","c2449c6ad030ea64a001","powerbi/src\Strategy Report.Report\definition\pages\d32b59d645711c6c6a4a\visuals\c2449c6ad030ea64a001\visual.json"
"users.col.full_name","Strategy Report.Report","ReportSection03ed78b54ee00ab0ed5d","b2240764d80c655b21b4","powerbi/src\Strategy Report.Report\definition\pages\ReportSection03ed78b54ee00ab0ed5d\visuals\b2240764d80c655b21b4\visual.json"
"users.col.full_name","Strategy Report.Report","ReportSection1252b003407e4ccc57ae","d60b7a8cbb88d080e7d8","powerbi/src\Strategy Report.Report\definition\pages\ReportSection1252b003407e4ccc57ae\visuals\d60b7a8cbb88d080e7d8\visual.json"
"users.col.full_name","Strategy Report.Report","ReportSection12f673ea22d93d640fb4","506a22be2b2076968b43","powerbi/src\Strategy Report.Report\definition\pages\ReportSection12f673ea22d93d640fb4\visuals\506a22be2b2076968b43\visual.json"
"users.col.full_name","Strategy Report.Report","ReportSection2c203df1d6a969d001c9","c49e80e68fe99ca61e95","powerbi/src\Strategy Report.Report\definition\pages\ReportSection2c203df1d6a969d001c9\visuals\c49e80e68fe99ca61e95\visual.json"
"users.col.full_name","Strategy Report.Report","ReportSection5f1aac2b759aead4e65f","f9eb27a0aa97d7a39d18","powerbi/src\Strategy Report.Report\definition\pages\ReportSection5f1aac2b759aead4e65f\visuals\f9eb27a0aa97d7a39d18\visual.json"
"users.col.full_name","Strategy Report.Report","ReportSection7536531a564a0674a972","0150b0b2f1dd2807185d","powerbi/src\Strategy Report.Report\definition\pages\ReportSection7536531a564a0674a972\visuals\0150b0b2f1dd2807185d\visual.json"
"users.col.full_name","Strategy Report.Report","ReportSection794587a77f471f93741e","f50124906a8187ba81b5","powerbi/src\Strategy Report.Report\definition\pages\ReportSection794587a77f471f93741e\visuals\f50124906a8187ba81b5\visual.json"
"users.col.full_name","Strategy Report.Report","ReportSection7d2b934ae82c9dbed878","cb3c05f929772cb1b2d0","powerbi/src\Strategy Report.Report\definition\pages\ReportSection7d2b934ae82c9dbed878\visuals\cb3c05f929772cb1b2d0\visual.json"
"users.col.full_name","Strategy Report.Report","ReportSection8e195fc0bacff3bf81e8","731f1345cdd7b1082a80","powerbi/src\Strategy Report.Report\definition\pages\ReportSection8e195fc0bacff3bf81e8\visuals\731f1345cdd7b1082a80\visual.json"
"users.col.full_name","Strategy Report.Report","ReportSectiona1953eed9a96c05789af","5e0ed98fa2983979319d","powerbi/src\Strategy Report.Report\definition\pages\ReportSectiona1953eed9a96c05789af\visuals\5e0ed98fa2983979319d\visual.json"
"users.col.full_name","Strategy Report.Report","ReportSectionb411a324406434ef62d2","7b5d4865d0a9db39a707","powerbi/src\Strategy Report.Report\definition\pages\ReportSectionb411a324406434ef62d2\visuals\7b5d4865d0a9db39a707\visual.json"
"users.col.full_name","Strategy Report.Report","ReportSectionb821801c632ff50fa5f5","9dbbcb1a5427f9b5949e","powerbi/src\Strategy Report.Report\definition\pages\ReportSectionb821801c632ff50fa5f5\visuals\9dbbcb1a5427f9b5949e\visual.json"
"users.col.full_name","Strategy Report.Report","ReportSectionc795a9098c404509da40","b30d5e90aa10deed478d","powerbi/src\Strategy Report.Report\definition\pages\ReportSectionc795a9098c404509da40\visuals\b30d5e90aa10deed478d\visual.json"
"users.col.full_name","Strategy Report.Report","ReportSectiond61e59bd3602ba4a6207","35a88396bc6647cb3441","powerbi/src\Strategy Report.Report\definition\pages\ReportSectiond61e59bd3602ba4a6207\visuals\35a88396bc6647cb3441\visual.json"
"users.col.full_name","Strategy Report.Report","ReportSectiondba0f7d79d63b13c9bdc","bcce3adfd01894d82ba1","powerbi/src\Strategy Report.Report\definition\pages\ReportSectiondba0f7d79d63b13c9bdc\visuals\bcce3adfd01894d82ba1\visual.json"
"users.col.full_name","Strategy Report.Report","ReportSectiondf5a7a5533d27e483bbb","4a70c07460e8247047ee","powerbi/src\Strategy Report.Report\definition\pages\ReportSectiondf5a7a5533d27e483bbb\visuals\4a70c07460e8247047ee\visual.json"
"users.col.full_name","Strategy Report.Report","ReportSectionfe1f4168c3550aa4051e","1406a2a80a9082e0b53b","powerbi/src\Strategy Report.Report\definition\pages\ReportSectionfe1f4168c3550aa4051e\visuals\1406a2a80a9082e0b53b\visual.json"
"users.col.full_name","Tactical Report.Report","126ef4df0d10b0774486","3b8cfe73e0d3b3a48ba0","powerbi/src\Tactical Report.Report\definition\pages\126ef4df0d10b0774486\visuals\3b8cfe73e0d3b3a48ba0\visual.json"
"users.col.full_name","Tactical Report.Report","3a15cd700bb019e6a288","a7a32159142b87058a4b","powerbi/src\Tactical Report.Report\definition\pages\3a15cd700bb019e6a288\visuals\a7a32159142b87058a4b\visual.json"
"users.col.full_name","Tactical Report.Report","3a15cd700bb019e6a288","de5e667054e60938cab0","powerbi/src\Tactical Report.Report\definition\pages\3a15cd700bb019e6a288\visuals\de5e667054e60938cab0\visual.json"
"users.col.full_name","Tactical Report.Report","79129d9692bb56e510ba","f2dc8bf25055942921d2","powerbi/src\Tactical Report.Report\definition\pages\79129d9692bb56e510ba\visuals\f2dc8bf25055942921d2\visual.json"
"users.col.full_name","Tactical Report.Report","82dcf02a4189900d965b","a639251735d3e7d4b54b","powerbi/src\Tactical Report.Report\definition\pages\82dcf02a4189900d965b\visuals\a639251735d3e7d4b54b\visual.json"
"users.col.full_name","Tactical Report.Report","87bc788fa67e223bcfa8","25a2d7966c907a166dd5","powerbi/src\Tactical Report.Report\definition\pages\87bc788fa67e223bcfa8\visuals\25a2d7966c907a166dd5\visual.json"
"users.col.full_name","Tactical Report.Report","a96bf4945092a0cbc890","7fe54df14c7b62c82834","powerbi/src\Tactical Report.Report\definition\pages\a96bf4945092a0cbc890\visuals\7fe54df14c7b62c82834\visual.json"
"users.col.full_name","Tactical Report.Report","eea62335e208de25f76b","ddc53c021ad75fafd178","powerbi/src\Tactical Report.Report\definition\pages\eea62335e208de25f76b\visuals\ddc53c021ad75fafd178\visual.json"
"users.col.full_name","Tactical Report.Report","ReportSection6717998380eaea943771","db15deb190f9f9756d97","powerbi/src\Tactical Report.Report\definition\pages\ReportSection6717998380eaea943771\visuals\db15deb190f9f9756d97\visual.json"
"users.col.full_name","Tactical Report.Report","ReportSection742b04285982cea330b5","e957469db00a0bd4d516","powerbi/src\Tactical Report.Report\definition\pages\ReportSection742b04285982cea330b5\visuals\e957469db00a0bd4d516\visual.json"
"users.col.full_name","Tactical Report.Report","ReportSectiond2a994c01997299edb28","ad5bb2625c553230fda3","powerbi/src\Tactical Report.Report\definition\pages\ReportSectiond2a994c01997299edb28\visuals\ad5bb2625c553230fda3\visual.json"
"users.col.full_name","Tactical Report.Report","ReportSectionf8ab74ff42083000a395","1fb74dc1c00ad75a07a6","powerbi/src\Tactical Report.Report\definition\pages\ReportSectionf8ab74ff42083000a395\visuals\1fb74dc1c00ad75a07a6\visual.json"
"users.col.full_name","Tactical Report.Report","ReportSectionffa1a1d34509d8640669","c4d5ebd7ca6efee680f8","powerbi/src\Tactical Report.Report\definition\pages\ReportSectionffa1a1d34509d8640669\visuals\c4d5ebd7ca6efee680f8\visual.json"
"users.col.full_name","Utility Box Report.Report","15a15a99646c4f717832","4445cc443a2a21cd0aa2","powerbi/src\Utility Box Report.Report\definition\pages\15a15a99646c4f717832\visuals\4445cc443a2a21cd0aa2\visual.json"
"users.col.full_name","Utility Box Report.Report","3a03a9be24b5b2ae2c9b","25ba035042303a76b5ea","powerbi/src\Utility Box Report.Report\definition\pages\3a03a9be24b5b2ae2c9b\visuals\25ba035042303a76b5ea\visual.json"
"users.col.full_name","Utility Box Report.Report","447501c875465686d172","ddf9d693af593098f6b0","powerbi/src\Utility Box Report.Report\definition\pages\447501c875465686d172\visuals\ddf9d693af593098f6b0\visual.json"
"users.col.full_name","Utility Box Report.Report","51a09a56298deae712b1","6a6677e6460ea878286e","powerbi/src\Utility Box Report.Report\definition\pages\51a09a56298deae712b1\visuals\6a6677e6460ea878286e\visual.json"
"users.col.full_name","Utility Box Report.Report","58a975377e2f5fd3e4f8","7874718d4873d9afcee0","powerbi/src\Utility Box Report.Report\definition\pages\58a975377e2f5fd3e4f8\visuals\7874718d4873d9afcee0\visual.json"
"users.col.full_name","Utility Box Report.Report","a942e750c982450606e7","7733e851ea3a700d014c","powerbi/src\Utility Box Report.Report\definition\pages\a942e750c982450606e7\visuals\7733e851ea3a700d014c\visual.json"
"users.col.full_name","Utility Box Report.Report","aec7d7d514ed891e59ab","5f6cc9444c466b1ab851","powerbi/src\Utility Box Report.Report\definition\pages\aec7d7d514ed891e59ab\visuals\5f6cc9444c466b1ab851\visual.json"
"users.col.full_name","Utility Box Report.Report","ReportSection05179fa4982b5daaab4c","53d3f730a1ac539d417a","powerbi/src\Utility Box Report.Report\definition\pages\ReportSection05179fa4982b5daaab4c\visuals\53d3f730a1ac539d417a\visual.json"
"users.col.full_name","Utility Box Report.Report","ReportSection0d7789146e205d7e67bd","a3d429704579b71a150c","powerbi/src\Utility Box Report.Report\definition\pages\ReportSection0d7789146e205d7e67bd\visuals\a3d429704579b71a150c\visual.json"
"users.col.full_name","Utility Box Report.Report","ReportSection4319327bba682b70a6e5","b003194e1b50b634e755","powerbi/src\Utility Box Report.Report\definition\pages\ReportSection4319327bba682b70a6e5\visuals\b003194e1b50b634e755\visual.json"
"users.col.full_name","Utility Box Report.Report","ReportSection94a70202746d362656ab","7b1a8adaca0456c67920","powerbi/src\Utility Box Report.Report\definition\pages\ReportSection94a70202746d362656ab\visuals\7b1a8adaca0456c67920\visual.json"
"users.col.full_name","Utility Box Report.Report","ReportSection94a70202746d362656ab","f26d98fb2e515d34c1fc","powerbi/src\Utility Box Report.Report\definition\pages\ReportSection94a70202746d362656ab\visuals\f26d98fb2e515d34c1fc\visual.json"
"users.col.full_name","Utility Box Report.Report","ReportSectiondbc5175da7311ee3a079","cc682a8d090da06da05b","powerbi/src\Utility Box Report.Report\definition\pages\ReportSectiondbc5175da7311ee3a079\visuals\cc682a8d090da06da05b\visual.json"
"users.col.full_name","Utility Box Report.Report","ReportSectione72f4b35184d90d39744","88e3929c4d4ba847a0cc","powerbi/src\Utility Box Report.Report\definition\pages\ReportSectione72f4b35184d90d39744\visuals\88e3929c4d4ba847a0cc\visual.json"
"users.col.trueai_user_role_coid_aliased","Automatic Data Enhancement Report.Report","ReportSectioned59a796a95c6523a272","1119d7203399bdb7d7d2","powerbi/src\Automatic Data Enhancement Report.Report\definition\pages\ReportSectioned59a796a95c6523a272\visuals\1119d7203399bdb7d7d2\visual.json"
"users.col.trueai_user_role_coid_aliased","Data Quality Assessment Report (DQA).Report","ReportSectioned59a796a95c6523a272","1119d7203399bdb7d7d2","powerbi/src\Data Quality Assessment Report (DQA).Report\definition\pages\ReportSectioned59a796a95c6523a272\visuals\1119d7203399bdb7d7d2\visual.json"
"users.col.trueai_user_role_coid_aliased","Dataset - Azure Data Lake - Automatic Data Enhancement.Report","ReportSectionfb4ad4f9580c6f7021e2","300e2e2c4204f6a5b680","powerbi/src\Dataset - Azure Data Lake - Automatic Data Enhancement.Report\definition\pages\ReportSectionfb4ad4f9580c6f7021e2\visuals\300e2e2c4204f6a5b680\visual.json"
"users.col.trueai_user_role_coid_aliased","Dataset - Azure Data Lake - Automatic Data Enhancement.Report","ReportSectionfb4ad4f9580c6f7021e2","3bfa80bbb181739cef42","powerbi/src\Dataset - Azure Data Lake - Automatic Data Enhancement.Report\definition\pages\ReportSectionfb4ad4f9580c6f7021e2\visuals\3bfa80bbb181739cef42\visual.json"
"users.col.trueai_user_role_coid_aliased","Dataset - Azure Data Lake - Sales Performance.Report","5def521dc5aa28c708e2","73d1fae8a21de23a4ce4","powerbi/src\Dataset - Azure Data Lake - Sales Performance.Report\definition\pages\5def521dc5aa28c708e2\visuals\73d1fae8a21de23a4ce4\visual.json"
"users.col.trueai_user_role_coid_aliased","Dataset - Azure Data Lake - Sales Performance.Report","a713ea891b75dfb680a3","6bfd8b2dd0b7e2969de2","powerbi/src\Dataset - Azure Data Lake - Sales Performance.Report\definition\pages\a713ea891b75dfb680a3\visuals\6bfd8b2dd0b7e2969de2\visual.json"
"users.col.trueai_user_role_coid_aliased","Management Report.Report","0beeba5356e17846a179","452e569310d2a7b6770b","powerbi/src\Management Report.Report\definition\pages\0beeba5356e17846a179\visuals\452e569310d2a7b6770b\visual.json"
"users.col.trueai_user_role_coid_aliased","Management Report.Report","19545e6f17c2a39c8b8c","bb99bfec5bc708c1076c","powerbi/src\Management Report.Report\definition\pages\19545e6f17c2a39c8b8c\visuals\bb99bfec5bc708c1076c\visual.json"
"users.col.trueai_user_role_coid_aliased","Management Report.Report","4a2dcafcd031fd9e40f7","da6c9e2ad792d0b072ac","powerbi/src\Management Report.Report\definition\pages\4a2dcafcd031fd9e40f7\visuals\da6c9e2ad792d0b072ac\visual.json"
"users.col.trueai_user_role_coid_aliased","Management Report.Report","504acf60792a22e9583a","afafad79a83ed0133393","powerbi/src\Management Report.Report\definition\pages\504acf60792a22e9583a\visuals\afafad79a83ed0133393\visual.json"
"users.col.trueai_user_role_coid_aliased","Management Report.Report","5db374fe0e16d16471c3","43f91c5cd3eb6caccd16","powerbi/src\Management Report.Report\definition\pages\5db374fe0e16d16471c3\visuals\43f91c5cd3eb6caccd16\visual.json"
"users.col.trueai_user_role_coid_aliased","Management Report.Report","7a0d99c82a8686e63554","1244c50c54b6a3b50063","powerbi/src\Management Report.Report\definition\pages\7a0d99c82a8686e63554\visuals\1244c50c54b6a3b50063\visual.json"
"users.col.trueai_user_role_coid_aliased","Management Report.Report","7f82bd75990ba616902d","5f04a1c0b4d16bc39775","powerbi/src\Management Report.Report\definition\pages\7f82bd75990ba616902d\visuals\5f04a1c0b4d16bc39775\visual.json"
"users.col.trueai_user_role_coid_aliased","Management Report.Report","a67c4ea363e2e8c79b91","427f57c041c871159b7c","powerbi/src\Management Report.Report\definition\pages\a67c4ea363e2e8c79b91\visuals\427f57c041c871159b7c\visual.json"
"users.col.trueai_user_role_coid_aliased","Management Report.Report","d1f0b4e47ec402bba0c3","5ce92921a6990161334c","powerbi/src\Management Report.Report\definition\pages\d1f0b4e47ec402bba0c3\visuals\5ce92921a6990161334c\visual.json"
"users.col.trueai_user_role_coid_aliased","Management Report.Report","ReportSection13eb70c2280d9d5d0b6d","9c88a7553ce08d45db40","powerbi/src\Management Report.Report\definition\pages\ReportSection13eb70c2280d9d5d0b6d\visuals\9c88a7553ce08d45db40\visual.json"
"users.col.trueai_user_role_coid_aliased","Management Report.Report","ReportSectionb07253efd5c64833e90c","30a162e5c95a7e06800a","powerbi/src\Management Report.Report\definition\pages\ReportSectionb07253efd5c64833e90c\visuals\30a162e5c95a7e06800a\visual.json"
"users.col.trueai_user_role_coid_aliased","Management Report.Report","ReportSectionb07253efd5c64833e90c","d3ed75a8314d9a366f5c","powerbi/src\Management Report.Report\definition\pages\ReportSectionb07253efd5c64833e90c\visuals\d3ed75a8314d9a366f5c\visual.json"
"users.col.trueai_user_role_coid_aliased","Management Report.Report","ReportSectionc08d4590331ba8523fa9","e719f1f5cbbf0ac25d62","powerbi/src\Management Report.Report\definition\pages\ReportSectionc08d4590331ba8523fa9\visuals\e719f1f5cbbf0ac25d62\visual.json"
"users.col.trueai_user_role_coid_aliased","Strategy Report.Report","1620767c4c0ce5527c53","13b962705002ec615b51","powerbi/src\Strategy Report.Report\definition\pages\1620767c4c0ce5527c53\visuals\13b962705002ec615b51\visual.json"
"users.col.trueai_user_role_coid_aliased","Strategy Report.Report","1620767c4c0ce5527c53","4f9ebbc07b0b50be1587","powerbi/src\Strategy Report.Report\definition\pages\1620767c4c0ce5527c53\visuals\4f9ebbc07b0b50be1587\visual.json"
"users.col.trueai_user_role_coid_aliased","Strategy Report.Report","20e1a4ec81d6719c331e","1a64a389b6ed4ecaf49f","powerbi/src\Strategy Report.Report\definition\pages\20e1a4ec81d6719c331e\visuals\1a64a389b6ed4ecaf49f\visual.json"
"users.col.trueai_user_role_coid_aliased","Strategy Report.Report","20e1a4ec81d6719c331e","ba7a415591b4ab7fa373","powerbi/src\Strategy Report.Report\definition\pages\20e1a4ec81d6719c331e\visuals\ba7a415591b4ab7fa373\visual.json"
"users.col.trueai_user_role_coid_aliased","Strategy Report.Report","5fa311f808ee2894b08a","7352fabcb5112a7c2271","powerbi/src\Strategy Report.Report\definition\pages\5fa311f808ee2894b08a\visuals\7352fabcb5112a7c2271\visual.json"
"users.col.trueai_user_role_coid_aliased","Strategy Report.Report","5fa311f808ee2894b08a","e3f40996ba607d70b053","powerbi/src\Strategy Report.Report\definition\pages\5fa311f808ee2894b08a\visuals\e3f40996ba607d70b053\visual.json"
"users.col.trueai_user_role_coid_aliased","Strategy Report.Report","622a53233633480da0ae","186d11ea75e553b54d48","powerbi/src\Strategy Report.Report\definition\pages\622a53233633480da0ae\visuals\186d11ea75e553b54d48\visual.json"
"users.col.trueai_user_role_coid_aliased","Strategy Report.Report","622a53233633480da0ae","e907cbe751928649830d","powerbi/src\Strategy Report.Report\definition\pages\622a53233633480da0ae\visuals\e907cbe751928649830d\visual.json"
"users.col.trueai_user_role_coid_aliased","Strategy Report.Report","696d661f070dd41a7206","7c771b68148d61487c15","powerbi/src\Strategy Report.Report\definition\pages\696d661f070dd41a7206\visuals\7c771b68148d61487c15\visual.json"
"users.col.trueai_user_role_coid_aliased","Strategy Report.Report","696d661f070dd41a7206","9f17c0b6139e1d4a0087","powerbi/src\Strategy Report.Report\definition\pages\696d661f070dd41a7206\visuals\9f17c0b6139e1d4a0087\visual.json"
"users.col.trueai_user_role_coid_aliased","Strategy Report.Report","7b9270b0122a87081a97","73ae9ffdaa0da6d1a6c6","powerbi/src\Strategy Report.Report\definition\pages\7b9270b0122a87081a97\visuals\73ae9ffdaa0da6d1a6c6\visual.json"
"users.col.trueai_user_role_coid_aliased","Strategy Report.Report","7b9270b0122a87081a97","c21e1d91503e524a196c","powerbi/src\Strategy Report.Report\definition\pages\7b9270b0122a87081a97\visuals\c21e1d91503e524a196c\visual.json"
"users.col.trueai_user_role_coid_aliased","Strategy Report.Report","7ccdebfd672051e0799d","2a71f22b7e27b7d2e4d0","powerbi/src\Strategy Report.Report\definition\pages\7ccdebfd672051e0799d\visuals\2a71f22b7e27b7d2e4d0\visual.json"
"users.col.trueai_user_role_coid_aliased","Strategy Report.Report","7d954e6a40dc7a55d370","6020fd5000ebb4cb728c","powerbi/src\Strategy Report.Report\definition\pages\7d954e6a40dc7a55d370\visuals\6020fd5000ebb4cb728c\visual.json"
"users.col.trueai_user_role_coid_aliased","Strategy Report.Report","7d954e6a40dc7a55d370","a8c2d5f026cda6ace244","powerbi/src\Strategy Report.Report\definition\pages\7d954e6a40dc7a55d370\visuals\a8c2d5f026cda6ace244\visual.json"
"users.col.trueai_user_role_coid_aliased","Strategy Report.Report","8e940fbf596ebfc5deba","5ebd1862ce62ed911bf1","powerbi/src\Strategy Report.Report\definition\pages\8e940fbf596ebfc5deba\visuals\5ebd1862ce62ed911bf1\visual.json"
"users.col.trueai_user_role_coid_aliased","Strategy Report.Report","9613185c0b5d01cc2e8b","9d703f3be9b60017d0dc","powerbi/src\Strategy Report.Report\definition\pages\9613185c0b5d01cc2e8b\visuals\9d703f3be9b60017d0dc\visual.json"
"users.col.trueai_user_role_coid_aliased","Strategy Report.Report","9a7761f3d0b5d13c31b4","30216d63e829847c7b51","powerbi/src\Strategy Report.Report\definition\pages\9a7761f3d0b5d13c31b4\visuals\30216d63e829847c7b51\visual.json"
"users.col.trueai_user_role_coid_aliased","Strategy Report.Report","9a7761f3d0b5d13c31b4","56973d0e636b56078849","powerbi/src\Strategy Report.Report\definition\pages\9a7761f3d0b5d13c31b4\visuals\56973d0e636b56078849\visual.json"
"users.col.trueai_user_role_coid_aliased","Strategy Report.Report","a870a1bb0b6919938d14","9c5e1c554b7178bea09b","powerbi/src\Strategy Report.Report\definition\pages\a870a1bb0b6919938d14\visuals\9c5e1c554b7178bea09b\visual.json"
"users.col.trueai_user_role_coid_aliased","Strategy Report.Report","a870a1bb0b6919938d14","ac9a6a8722467d96e347","powerbi/src\Strategy Report.Report\definition\pages\a870a1bb0b6919938d14\visuals\ac9a6a8722467d96e347\visual.json"
"users.col.trueai_user_role_coid_aliased","Strategy Report.Report","b2298fbfb64c37e2a75a","111bf16788a7430d1dd2","powerbi/src\Strategy Report.Report\definition\pages\b2298fbfb64c37e2a75a\visuals\111bf16788a7430d1dd2\visual.json"
"users.col.trueai_user_role_coid_aliased","Strategy Report.Report","b2298fbfb64c37e2a75a","b61ea13281c3095059dd","powerbi/src\Strategy Report.Report\definition\pages\b2298fbfb64c37e2a75a\visuals\b61ea13281c3095059dd\visual.json"
"users.col.trueai_user_role_coid_aliased","Strategy Report.Report","b8914151d503db62b151","5a94562cede480d0440c","powerbi/src\Strategy Report.Report\definition\pages\b8914151d503db62b151\visuals\5a94562cede480d0440c\visual.json"
"users.col.trueai_user_role_coid_aliased","Strategy Report.Report","b8914151d503db62b151","d8543c2278454122c660","powerbi/src\Strategy Report.Report\definition\pages\b8914151d503db62b151\visuals\d8543c2278454122c660\visual.json"
"users.col.trueai_user_role_coid_aliased","Strategy Report.Report","bc74a4ff28fe9a0abc93","617474b683cedb2cdc33","powerbi/src\Strategy Report.Report\definition\pages\bc74a4ff28fe9a0abc93\visuals\617474b683cedb2cdc33\visual.json"
"users.col.trueai_user_role_coid_aliased","Strategy Report.Report","bc74a4ff28fe9a0abc93","cb65585e2105dc6d3f7d","powerbi/src\Strategy Report.Report\definition\pages\bc74a4ff28fe9a0abc93\visuals\cb65585e2105dc6d3f7d\visual.json"
"users.col.trueai_user_role_coid_aliased","Strategy Report.Report","c9f4197fb1d9c484cecd","661fb73d9518c637114e","powerbi/src\Strategy Report.Report\definition\pages\c9f4197fb1d9c484cecd\visuals\661fb73d9518c637114e\visual.json"
"users.col.trueai_user_role_coid_aliased","Strategy Report.Report","c9f4197fb1d9c484cecd","d61e44cfd179a303acc4","powerbi/src\Strategy Report.Report\definition\pages\c9f4197fb1d9c484cecd\visuals\d61e44cfd179a303acc4\visual.json"
"users.col.trueai_user_role_coid_aliased","Strategy Report.Report","d32b59d645711c6c6a4a","472e4c4773033844e746","powerbi/src\Strategy Report.Report\definition\pages\d32b59d645711c6c6a4a\visuals\472e4c4773033844e746\visual.json"
"users.col.trueai_user_role_coid_aliased","Strategy Report.Report","d32b59d645711c6c6a4a","775f50dd70b07534edb0","powerbi/src\Strategy Report.Report\definition\pages\d32b59d645711c6c6a4a\visuals\775f50dd70b07534edb0\visual.json"
"users.col.trueai_user_role_coid_aliased","Strategy Report.Report","ReportSection03ed78b54ee00ab0ed5d","42530ab9d6e58f61ab64","powerbi/src\Strategy Report.Report\definition\pages\ReportSection03ed78b54ee00ab0ed5d\visuals\42530ab9d6e58f61ab64\visual.json"
"users.col.trueai_user_role_coid_aliased","Strategy Report.Report","ReportSection03ed78b54ee00ab0ed5d","a0bfccfb6ed269044cde","powerbi/src\Strategy Report.Report\definition\pages\ReportSection03ed78b54ee00ab0ed5d\visuals\a0bfccfb6ed269044cde\visual.json"
"users.col.trueai_user_role_coid_aliased","Strategy Report.Report","ReportSection03ed78b54ee00ab0ed5d","af7ff8e08d4edfcdc801","powerbi/src\Strategy Report.Report\definition\pages\ReportSection03ed78b54ee00ab0ed5d\visuals\af7ff8e08d4edfcdc801\visual.json"
"users.col.trueai_user_role_coid_aliased","Strategy Report.Report","ReportSection03ed78b54ee00ab0ed5d","c1b263258ceedff003ec","powerbi/src\Strategy Report.Report\definition\pages\ReportSection03ed78b54ee00ab0ed5d\visuals\c1b263258ceedff003ec\visual.json"
"users.col.trueai_user_role_coid_aliased","Strategy Report.Report","ReportSection03ed78b54ee00ab0ed5d","de972e73c64c174d354a","powerbi/src\Strategy Report.Report\definition\pages\ReportSection03ed78b54ee00ab0ed5d\visuals\de972e73c64c174d354a\visual.json"
"users.col.trueai_user_role_coid_aliased","Strategy Report.Report","ReportSection1252b003407e4ccc57ae","9b5298e1289c944b0bec","powerbi/src\Strategy Report.Report\definition\pages\ReportSection1252b003407e4ccc57ae\visuals\9b5298e1289c944b0bec\visual.json"
"users.col.trueai_user_role_coid_aliased","Strategy Report.Report","ReportSection12f673ea22d93d640fb4","33d547197e43c07fd755","powerbi/src\Strategy Report.Report\definition\pages\ReportSection12f673ea22d93d640fb4\visuals\33d547197e43c07fd755\visual.json"
"users.col.trueai_user_role_coid_aliased","Strategy Report.Report","ReportSection12f673ea22d93d640fb4","c9f7147812623d3753de","powerbi/src\Strategy Report.Report\definition\pages\ReportSection12f673ea22d93d640fb4\visuals\c9f7147812623d3753de\visual.json"
"users.col.trueai_user_role_coid_aliased","Strategy Report.Report","ReportSection12f673ea22d93d640fb4","d3d4b77d87d3533949a7","powerbi/src\Strategy Report.Report\definition\pages\ReportSection12f673ea22d93d640fb4\visuals\d3d4b77d87d3533949a7\visual.json"
"users.col.trueai_user_role_coid_aliased","Strategy Report.Report","ReportSection12f673ea22d93d640fb4","fd40f0e9d5896c3eae70","powerbi/src\Strategy Report.Report\definition\pages\ReportSection12f673ea22d93d640fb4\visuals\fd40f0e9d5896c3eae70\visual.json"
"users.col.trueai_user_role_coid_aliased","Strategy Report.Report","ReportSection2c203df1d6a969d001c9","063fa6d2a6c7e350b03c","powerbi/src\Strategy Report.Report\definition\pages\ReportSection2c203df1d6a969d001c9\visuals\063fa6d2a6c7e350b03c\visual.json"
"users.col.trueai_user_role_coid_aliased","Strategy Report.Report","ReportSection2c203df1d6a969d001c9","3b7686a631dc3d9c8e81","powerbi/src\Strategy Report.Report\definition\pages\ReportSection2c203df1d6a969d001c9\visuals\3b7686a631dc3d9c8e81\visual.json"
"users.col.trueai_user_role_coid_aliased","Strategy Report.Report","ReportSection5f1aac2b759aead4e65f","ba9c6358b3b7032e5552","powerbi/src\Strategy Report.Report\definition\pages\ReportSection5f1aac2b759aead4e65f\visuals\ba9c6358b3b7032e5552\visual.json"
"users.col.trueai_user_role_coid_aliased","Strategy Report.Report","ReportSection5f1aac2b759aead4e65f","f750f1761555bd18c3a1","powerbi/src\Strategy Report.Report\definition\pages\ReportSection5f1aac2b759aead4e65f\visuals\f750f1761555bd18c3a1\visual.json"
"users.col.trueai_user_role_coid_aliased","Strategy Report.Report","ReportSection7536531a564a0674a972","4d156cb4f342913cbd5f","powerbi/src\Strategy Report.Report\definition\pages\ReportSection7536531a564a0674a972\visuals\4d156cb4f342913cbd5f\visual.json"
"users.col.trueai_user_role_coid_aliased","Strategy Report.Report","ReportSection7536531a564a0674a972","d65bf19c908539550194","powerbi/src\Strategy Report.Report\definition\pages\ReportSection7536531a564a0674a972\visuals\d65bf19c908539550194\visual.json"
"users.col.trueai_user_role_coid_aliased","Strategy Report.Report","ReportSection794587a77f471f93741e","645d04255ef61679a90e","powerbi/src\Strategy Report.Report\definition\pages\ReportSection794587a77f471f93741e\visuals\645d04255ef61679a90e\visual.json"
"users.col.trueai_user_role_coid_aliased","Strategy Report.Report","ReportSection794587a77f471f93741e","7a35d7db3c1d0371f4d3","powerbi/src\Strategy Report.Report\definition\pages\ReportSection794587a77f471f93741e\visuals\7a35d7db3c1d0371f4d3\visual.json"
"users.col.trueai_user_role_coid_aliased","Strategy Report.Report","ReportSection7d2b934ae82c9dbed878","050b62f4b9626fce31a0","powerbi/src\Strategy Report.Report\definition\pages\ReportSection7d2b934ae82c9dbed878\visuals\050b62f4b9626fce31a0\visual.json"
"users.col.trueai_user_role_coid_aliased","Strategy Report.Report","ReportSection7d2b934ae82c9dbed878","c63d32cd189842c6b185","powerbi/src\Strategy Report.Report\definition\pages\ReportSection7d2b934ae82c9dbed878\visuals\c63d32cd189842c6b185\visual.json"
"users.col.trueai_user_role_coid_aliased","Strategy Report.Report","ReportSection8e195fc0bacff3bf81e8","13a639c472fe34cc4a34","powerbi/src\Strategy Report.Report\definition\pages\ReportSection8e195fc0bacff3bf81e8\visuals\13a639c472fe34cc4a34\visual.json"
"users.col.trueai_user_role_coid_aliased","Strategy Report.Report","ReportSection8e195fc0bacff3bf81e8","68cfe25bb5178e51a3be","powerbi/src\Strategy Report.Report\definition\pages\ReportSection8e195fc0bacff3bf81e8\visuals\68cfe25bb5178e51a3be\visual.json"
"users.col.trueai_user_role_coid_aliased","Strategy Report.Report","ReportSectiona1953eed9a96c05789af","6f3f48476c639de29118","powerbi/src\Strategy Report.Report\definition\pages\ReportSectiona1953eed9a96c05789af\visuals\6f3f48476c639de29118\visual.json"
"users.col.trueai_user_role_coid_aliased","Strategy Report.Report","ReportSectiona1953eed9a96c05789af","88117f74550bb3840131","powerbi/src\Strategy Report.Report\definition\pages\ReportSectiona1953eed9a96c05789af\visuals\88117f74550bb3840131\visual.json"
"users.col.trueai_user_role_coid_aliased","Strategy Report.Report","ReportSectionb411a324406434ef62d2","5fc91735fdd1ef2424a5","powerbi/src\Strategy Report.Report\definition\pages\ReportSectionb411a324406434ef62d2\visuals\5fc91735fdd1ef2424a5\visual.json"
"users.col.trueai_user_role_coid_aliased","Strategy Report.Report","ReportSectionb411a324406434ef62d2","8d0813a69e71b51a699e","powerbi/src\Strategy Report.Report\definition\pages\ReportSectionb411a324406434ef62d2\visuals\8d0813a69e71b51a699e\visual.json"
"users.col.trueai_user_role_coid_aliased","Strategy Report.Report","ReportSectionb821801c632ff50fa5f5","23bc3bdc73ecc44d139d","powerbi/src\Strategy Report.Report\definition\pages\ReportSectionb821801c632ff50fa5f5\visuals\23bc3bdc73ecc44d139d\visual.json"
"users.col.trueai_user_role_coid_aliased","Strategy Report.Report","ReportSectionb821801c632ff50fa5f5","ceeecf9cd5bb9861045a","powerbi/src\Strategy Report.Report\definition\pages\ReportSectionb821801c632ff50fa5f5\visuals\ceeecf9cd5bb9861045a\visual.json"
"users.col.trueai_user_role_coid_aliased","Strategy Report.Report","ReportSectionc795a9098c404509da40","6b606e86ec866632feff","powerbi/src\Strategy Report.Report\definition\pages\ReportSectionc795a9098c404509da40\visuals\6b606e86ec866632feff\visual.json"
"users.col.trueai_user_role_coid_aliased","Strategy Report.Report","ReportSectiond61e59bd3602ba4a6207","2632650f528276ad4a47","powerbi/src\Strategy Report.Report\definition\pages\ReportSectiond61e59bd3602ba4a6207\visuals\2632650f528276ad4a47\visual.json"
"users.col.trueai_user_role_coid_aliased","Strategy Report.Report","ReportSectiond61e59bd3602ba4a6207","f01b26cdda46883be95b","powerbi/src\Strategy Report.Report\definition\pages\ReportSectiond61e59bd3602ba4a6207\visuals\f01b26cdda46883be95b\visual.json"
"users.col.trueai_user_role_coid_aliased","Strategy Report.Report","ReportSectiondba0f7d79d63b13c9bdc","234f0d325e8279dc546a","powerbi/src\Strategy Report.Report\definition\pages\ReportSectiondba0f7d79d63b13c9bdc\visuals\234f0d325e8279dc546a\visual.json"
"users.col.trueai_user_role_coid_aliased","Strategy Report.Report","ReportSectiondba0f7d79d63b13c9bdc","524064413354557aeb5d","powerbi/src\Strategy Report.Report\definition\pages\ReportSectiondba0f7d79d63b13c9bdc\visuals\524064413354557aeb5d\visual.json"
"users.col.trueai_user_role_coid_aliased","Strategy Report.Report","ReportSectiondf5a7a5533d27e483bbb","45600f3f112494bcb8da","powerbi/src\Strategy Report.Report\definition\pages\ReportSectiondf5a7a5533d27e483bbb\visuals\45600f3f112494bcb8da\visual.json"
"users.col.trueai_user_role_coid_aliased","Strategy Report.Report","ReportSectiondf5a7a5533d27e483bbb","9cdfc7246083f3f7c65e","powerbi/src\Strategy Report.Report\definition\pages\ReportSectiondf5a7a5533d27e483bbb\visuals\9cdfc7246083f3f7c65e\visual.json"
"users.col.trueai_user_role_coid_aliased","Strategy Report.Report","ReportSectionfe1f4168c3550aa4051e","14552a9deebcd2bffff0","powerbi/src\Strategy Report.Report\definition\pages\ReportSectionfe1f4168c3550aa4051e\visuals\14552a9deebcd2bffff0\visual.json"
"users.col.trueai_user_role_coid_aliased","Strategy Report.Report","ReportSectionfe1f4168c3550aa4051e","5946262ab6b8df350d86","powerbi/src\Strategy Report.Report\definition\pages\ReportSectionfe1f4168c3550aa4051e\visuals\5946262ab6b8df350d86\visual.json"
"users.col.trueai_user_role_coid_aliased","Strategy Report.Report","ReportSectionfe1f4168c3550aa4051e","6ec05cde2a621654b1d5","powerbi/src\Strategy Report.Report\definition\pages\ReportSectionfe1f4168c3550aa4051e\visuals\6ec05cde2a621654b1d5\visual.json"
"users.col.trueai_user_role_coid_aliased","Tactical Report.Report","126ef4df0d10b0774486","1853d97f4ea3401935bb","powerbi/src\Tactical Report.Report\definition\pages\126ef4df0d10b0774486\visuals\1853d97f4ea3401935bb\visual.json"
"users.col.trueai_user_role_coid_aliased","Tactical Report.Report","126ef4df0d10b0774486","e991fe3f0058559b06d0","powerbi/src\Tactical Report.Report\definition\pages\126ef4df0d10b0774486\visuals\e991fe3f0058559b06d0\visual.json"
"users.col.trueai_user_role_coid_aliased","Tactical Report.Report","3a15cd700bb019e6a288","48ede0b0b853c34c57a7","powerbi/src\Tactical Report.Report\definition\pages\3a15cd700bb019e6a288\visuals\48ede0b0b853c34c57a7\visual.json"
"users.col.trueai_user_role_coid_aliased","Tactical Report.Report","3a15cd700bb019e6a288","5aa2aac6230e6ee15936","powerbi/src\Tactical Report.Report\definition\pages\3a15cd700bb019e6a288\visuals\5aa2aac6230e6ee15936\visual.json"
"users.col.trueai_user_role_coid_aliased","Tactical Report.Report","3a15cd700bb019e6a288","93f5a5cbd3e4c01cdea6","powerbi/src\Tactical Report.Report\definition\pages\3a15cd700bb019e6a288\visuals\93f5a5cbd3e4c01cdea6\visual.json"
"users.col.trueai_user_role_coid_aliased","Tactical Report.Report","79129d9692bb56e510ba","380684b66e66e03066bb","powerbi/src\Tactical Report.Report\definition\pages\79129d9692bb56e510ba\visuals\380684b66e66e03066bb\visual.json"
"users.col.trueai_user_role_coid_aliased","Tactical Report.Report","79129d9692bb56e510ba","3e3e6c3c228cb71d489b","powerbi/src\Tactical Report.Report\definition\pages\79129d9692bb56e510ba\visuals\3e3e6c3c228cb71d489b\visual.json"
"users.col.trueai_user_role_coid_aliased","Tactical Report.Report","82dcf02a4189900d965b","be1a07fad707346868b6","powerbi/src\Tactical Report.Report\definition\pages\82dcf02a4189900d965b\visuals\be1a07fad707346868b6\visual.json"
"users.col.trueai_user_role_coid_aliased","Tactical Report.Report","82dcf02a4189900d965b","c3668aec4627ca677e54","powerbi/src\Tactical Report.Report\definition\pages\82dcf02a4189900d965b\visuals\c3668aec4627ca677e54\visual.json"
"users.col.trueai_user_role_coid_aliased","Tactical Report.Report","87bc788fa67e223bcfa8","0d5e4dae7c6b54a5fd88","powerbi/src\Tactical Report.Report\definition\pages\87bc788fa67e223bcfa8\visuals\0d5e4dae7c6b54a5fd88\visual.json"
"users.col.trueai_user_role_coid_aliased","Tactical Report.Report","87bc788fa67e223bcfa8","804fa981baf5c558c9c2","powerbi/src\Tactical Report.Report\definition\pages\87bc788fa67e223bcfa8\visuals\804fa981baf5c558c9c2\visual.json"
"users.col.trueai_user_role_coid_aliased","Tactical Report.Report","a96bf4945092a0cbc890","bd15e0d0a9c52e75d2e9","powerbi/src\Tactical Report.Report\definition\pages\a96bf4945092a0cbc890\visuals\bd15e0d0a9c52e75d2e9\visual.json"
"users.col.trueai_user_role_coid_aliased","Tactical Report.Report","a96bf4945092a0cbc890","c985031be0ce578c8c94","powerbi/src\Tactical Report.Report\definition\pages\a96bf4945092a0cbc890\visuals\c985031be0ce578c8c94\visual.json"
"users.col.trueai_user_role_coid_aliased","Tactical Report.Report","eea62335e208de25f76b","3d100ead926fd243c520","powerbi/src\Tactical Report.Report\definition\pages\eea62335e208de25f76b\visuals\3d100ead926fd243c520\visual.json"
"users.col.trueai_user_role_coid_aliased","Tactical Report.Report","eea62335e208de25f76b","a6f193ef60826516d787","powerbi/src\Tactical Report.Report\definition\pages\eea62335e208de25f76b\visuals\a6f193ef60826516d787\visual.json"
"users.col.trueai_user_role_coid_aliased","Tactical Report.Report","ReportSection6717998380eaea943771","88b2af5568c12f926599","powerbi/src\Tactical Report.Report\definition\pages\ReportSection6717998380eaea943771\visuals\88b2af5568c12f926599\visual.json"
"users.col.trueai_user_role_coid_aliased","Tactical Report.Report","ReportSection6717998380eaea943771","99c337d3b6b58e4a9ed7","powerbi/src\Tactical Report.Report\definition\pages\ReportSection6717998380eaea943771\visuals\99c337d3b6b58e4a9ed7\visual.json"
"users.col.trueai_user_role_coid_aliased","Tactical Report.Report","ReportSection742b04285982cea330b5","315f8015bc12057583ef","powerbi/src\Tactical Report.Report\definition\pages\ReportSection742b04285982cea330b5\visuals\315f8015bc12057583ef\visual.json"
"users.col.trueai_user_role_coid_aliased","Tactical Report.Report","ReportSectiond2a994c01997299edb28","c5302cadea515dddc933","powerbi/src\Tactical Report.Report\definition\pages\ReportSectiond2a994c01997299edb28\visuals\c5302cadea515dddc933\visual.json"
"users.col.trueai_user_role_coid_aliased","Tactical Report.Report","ReportSectionf8ab74ff42083000a395","e046a8f621d5fd8815ba","powerbi/src\Tactical Report.Report\definition\pages\ReportSectionf8ab74ff42083000a395\visuals\e046a8f621d5fd8815ba\visual.json"
"users.col.trueai_user_role_coid_aliased","Tactical Report.Report","ReportSectionf8ab74ff42083000a395","f3c8f27779f158da0ef9","powerbi/src\Tactical Report.Report\definition\pages\ReportSectionf8ab74ff42083000a395\visuals\f3c8f27779f158da0ef9\visual.json"
"users.col.trueai_user_role_coid_aliased","Tactical Report.Report","ReportSectionffa1a1d34509d8640669","3f6dbf1b7bba48d26d5b","powerbi/src\Tactical Report.Report\definition\pages\ReportSectionffa1a1d34509d8640669\visuals\3f6dbf1b7bba48d26d5b\visual.json"
"users.col.trueai_user_role_coid_aliased","Tactical Report.Report","ReportSectionffa1a1d34509d8640669","4dda23d01d703f99f2c4","powerbi/src\Tactical Report.Report\definition\pages\ReportSectionffa1a1d34509d8640669\visuals\4dda23d01d703f99f2c4\visual.json"
"users.col.trueai_user_role_coid_aliased","Utility Box Report.Report","15a15a99646c4f717832","bcae55b3523cfdbfada9","powerbi/src\Utility Box Report.Report\definition\pages\15a15a99646c4f717832\visuals\bcae55b3523cfdbfada9\visual.json"
"users.col.trueai_user_role_coid_aliased","Utility Box Report.Report","3a03a9be24b5b2ae2c9b","2e3c4d292b510a0b1033","powerbi/src\Utility Box Report.Report\definition\pages\3a03a9be24b5b2ae2c9b\visuals\2e3c4d292b510a0b1033\visual.json"
"users.col.trueai_user_role_coid_aliased","Utility Box Report.Report","447501c875465686d172","4984c289d1215e2e69d8","powerbi/src\Utility Box Report.Report\definition\pages\447501c875465686d172\visuals\4984c289d1215e2e69d8\visual.json"
"users.col.trueai_user_role_coid_aliased","Utility Box Report.Report","51a09a56298deae712b1","d322ae267a5075416710","powerbi/src\Utility Box Report.Report\definition\pages\51a09a56298deae712b1\visuals\d322ae267a5075416710\visual.json"
"users.col.trueai_user_role_coid_aliased","Utility Box Report.Report","58a975377e2f5fd3e4f8","4d2af06960e6b2c8b17e","powerbi/src\Utility Box Report.Report\definition\pages\58a975377e2f5fd3e4f8\visuals\4d2af06960e6b2c8b17e\visual.json"
"users.col.trueai_user_role_coid_aliased","Utility Box Report.Report","a942e750c982450606e7","3938946f3b0320103a05","powerbi/src\Utility Box Report.Report\definition\pages\a942e750c982450606e7\visuals\3938946f3b0320103a05\visual.json"
"users.col.trueai_user_role_coid_aliased","Utility Box Report.Report","aec7d7d514ed891e59ab","93cc9c4c9a7d3dcb87dd","powerbi/src\Utility Box Report.Report\definition\pages\aec7d7d514ed891e59ab\visuals\93cc9c4c9a7d3dcb87dd\visual.json"
"users.col.trueai_user_role_coid_aliased","Utility Box Report.Report","ReportSection05179fa4982b5daaab4c","d2b475ba0a737974c488","powerbi/src\Utility Box Report.Report\definition\pages\ReportSection05179fa4982b5daaab4c\visuals\d2b475ba0a737974c488\visual.json"
"users.col.trueai_user_role_coid_aliased","Utility Box Report.Report","ReportSection0d7789146e205d7e67bd","e63a6a6a0b6424302dd9","powerbi/src\Utility Box Report.Report\definition\pages\ReportSection0d7789146e205d7e67bd\visuals\e63a6a6a0b6424302dd9\visual.json"
"users.col.trueai_user_role_coid_aliased","Utility Box Report.Report","ReportSection4319327bba682b70a6e5","b144af437e238575d0a2","powerbi/src\Utility Box Report.Report\definition\pages\ReportSection4319327bba682b70a6e5\visuals\b144af437e238575d0a2\visual.json"
"users.col.trueai_user_role_coid_aliased","Utility Box Report.Report","ReportSection94a70202746d362656ab","a4aaffec7ceafea9ed68","powerbi/src\Utility Box Report.Report\definition\pages\ReportSection94a70202746d362656ab\visuals\a4aaffec7ceafea9ed68\visual.json"
"users.col.trueai_user_role_coid_aliased","Utility Box Report.Report","ReportSectiondbc5175da7311ee3a079","f85b743e4b52e6c559da","powerbi/src\Utility Box Report.Report\definition\pages\ReportSectiondbc5175da7311ee3a079\visuals\f85b743e4b52e6c559da\visual.json"
"users.col.trueai_user_role_coid_aliased","Utility Box Report.Report","ReportSectione72f4b35184d90d39744","b09800fb3bd439417dd9","powerbi/src\Utility Box Report.Report\definition\pages\ReportSectione72f4b35184d90d39744\visuals\b09800fb3bd439417dd9\visual.json"
"users.col.trueai_user_role_coid_aliased","Utility Box Report.Report","ReportSectione72f4b35184d90d39744","c06bd11905da27615791","powerbi/src\Utility Box Report.Report\definition\pages\ReportSectione72f4b35184d90d39744\visuals\c06bd11905da27615791\visual.json"
"users.trueai_group","Automatic Data Enhancement Report.Report","66d1f0b90d5305b84924","50509bfbe4ae354d0aab","powerbi/src\Automatic Data Enhancement Report.Report\definition\pages\66d1f0b90d5305b84924\visuals\50509bfbe4ae354d0aab\visual.json"
"users.trueai_group","Automatic Data Enhancement Report.Report","ReportSection","39c69bc734a73ec0ab49","powerbi/src\Automatic Data Enhancement Report.Report\definition\pages\ReportSection\visuals\39c69bc734a73ec0ab49\visual.json"
"users.trueai_group","Automatic Data Enhancement Report.Report","ReportSection51ddd05cbbe4d0265225","6934c77ea2e0611209ed","powerbi/src\Automatic Data Enhancement Report.Report\definition\pages\ReportSection51ddd05cbbe4d0265225\visuals\6934c77ea2e0611209ed\visual.json"
"users.trueai_group","Automatic Data Enhancement Report.Report","ReportSection612803530b794d7b341e","5b1aa0f763613a7ac8a8","powerbi/src\Automatic Data Enhancement Report.Report\definition\pages\ReportSection612803530b794d7b341e\visuals\5b1aa0f763613a7ac8a8\visual.json"
"users.trueai_group","Automatic Data Enhancement Report.Report","ReportSection8cfb510c80c8a0a00320","cef59db0b236bbd85abe","powerbi/src\Automatic Data Enhancement Report.Report\definition\pages\ReportSection8cfb510c80c8a0a00320\visuals\cef59db0b236bbd85abe\visual.json"
"users.trueai_group","Automatic Data Enhancement Report.Report","ReportSection8fa8da922e0f27f60f70","e21ddb0620b54e1d1889","powerbi/src\Automatic Data Enhancement Report.Report\definition\pages\ReportSection8fa8da922e0f27f60f70\visuals\e21ddb0620b54e1d1889\visual.json"
"users.trueai_group","Automatic Data Enhancement Report.Report","ReportSection9ff97ea42d06c45acf75","cc32108732834bdcd3eb","powerbi/src\Automatic Data Enhancement Report.Report\definition\pages\ReportSection9ff97ea42d06c45acf75\visuals\cc32108732834bdcd3eb\visual.json"
"users.trueai_group","Automatic Data Enhancement Report.Report","ReportSectionbacc66557c2635d00986","2f9ad77cb0213bbcc39c","powerbi/src\Automatic Data Enhancement Report.Report\definition\pages\ReportSectionbacc66557c2635d00986\visuals\2f9ad77cb0213bbcc39c\visual.json"
"users.trueai_group","Automatic Data Enhancement Report.Report","ReportSectione0f472341385b46e186f","69eafa5de1a0795bd78d","powerbi/src\Automatic Data Enhancement Report.Report\definition\pages\ReportSectione0f472341385b46e186f\visuals\69eafa5de1a0795bd78d\visual.json"
"users.trueai_group","Automatic Data Enhancement Report.Report","ReportSectioneefc25d1c03287983676","a31cb8c40430d04e87d0","powerbi/src\Automatic Data Enhancement Report.Report\definition\pages\ReportSectioneefc25d1c03287983676\visuals\a31cb8c40430d04e87d0\visual.json"
"users.trueai_group","Data Quality Assessment Report (DQA).Report","66d1f0b90d5305b84924","50509bfbe4ae354d0aab","powerbi/src\Data Quality Assessment Report (DQA).Report\definition\pages\66d1f0b90d5305b84924\visuals\50509bfbe4ae354d0aab\visual.json"
"users.trueai_group","Data Quality Assessment Report (DQA).Report","ReportSection","39c69bc734a73ec0ab49","powerbi/src\Data Quality Assessment Report (DQA).Report\definition\pages\ReportSection\visuals\39c69bc734a73ec0ab49\visual.json"
"users.trueai_group","Data Quality Assessment Report (DQA).Report","ReportSection51ddd05cbbe4d0265225","6934c77ea2e0611209ed","powerbi/src\Data Quality Assessment Report (DQA).Report\definition\pages\ReportSection51ddd05cbbe4d0265225\visuals\6934c77ea2e0611209ed\visual.json"
"users.trueai_group","Data Quality Assessment Report (DQA).Report","ReportSection612803530b794d7b341e","5b1aa0f763613a7ac8a8","powerbi/src\Data Quality Assessment Report (DQA).Report\definition\pages\ReportSection612803530b794d7b341e\visuals\5b1aa0f763613a7ac8a8\visual.json"
"users.trueai_group","Data Quality Assessment Report (DQA).Report","ReportSection8fa8da922e0f27f60f70","e21ddb0620b54e1d1889","powerbi/src\Data Quality Assessment Report (DQA).Report\definition\pages\ReportSection8fa8da922e0f27f60f70\visuals\e21ddb0620b54e1d1889\visual.json"
"users.trueai_group","Data Quality Assessment Report (DQA).Report","ReportSection9ff97ea42d06c45acf75","cc32108732834bdcd3eb","powerbi/src\Data Quality Assessment Report (DQA).Report\definition\pages\ReportSection9ff97ea42d06c45acf75\visuals\cc32108732834bdcd3eb\visual.json"
"users.trueai_group","Data Quality Assessment Report (DQA).Report","ReportSectionbacc66557c2635d00986","2f9ad77cb0213bbcc39c","powerbi/src\Data Quality Assessment Report (DQA).Report\definition\pages\ReportSectionbacc66557c2635d00986\visuals\2f9ad77cb0213bbcc39c\visual.json"
"users.trueai_group","Data Quality Assessment Report (DQA).Report","ReportSectione0f472341385b46e186f","69eafa5de1a0795bd78d","powerbi/src\Data Quality Assessment Report (DQA).Report\definition\pages\ReportSectione0f472341385b46e186f\visuals\69eafa5de1a0795bd78d\visual.json"
"users.trueai_group","Data Quality Assessment Report (DQA).Report","ReportSectioneefc25d1c03287983676","a31cb8c40430d04e87d0","powerbi/src\Data Quality Assessment Report (DQA).Report\definition\pages\ReportSectioneefc25d1c03287983676\visuals\a31cb8c40430d04e87d0\visual.json"
"users.trueai_group","Dataset - Azure Data Lake - Automatic Data Enhancement.Report","262fe4f5c08d489906a4","31403a283150d040cdaa","powerbi/src\Dataset - Azure Data Lake - Automatic Data Enhancement.Report\definition\pages\262fe4f5c08d489906a4\visuals\31403a283150d040cdaa\visual.json"
"users.trueai_group","Dataset - Azure Data Lake - Automatic Data Enhancement.Report","2f7b65047cc6050464d7","7c33b8e283b382886cc9","powerbi/src\Dataset - Azure Data Lake - Automatic Data Enhancement.Report\definition\pages\2f7b65047cc6050464d7\visuals\7c33b8e283b382886cc9\visual.json"
"users.trueai_group","Dataset - Azure Data Lake - Automatic Data Enhancement.Report","7fced97a1cd4a4bec82d","6485cde78ae04d64791e","powerbi/src\Dataset - Azure Data Lake - Automatic Data Enhancement.Report\definition\pages\7fced97a1cd4a4bec82d\visuals\6485cde78ae04d64791e\visual.json"
"users.trueai_group","Dataset - Azure Data Lake - Automatic Data Enhancement.Report","9852adf82940799140ae","4f2187dd1ee43c055401","powerbi/src\Dataset - Azure Data Lake - Automatic Data Enhancement.Report\definition\pages\9852adf82940799140ae\visuals\4f2187dd1ee43c055401\visual.json"
"users.trueai_group","Dataset - Azure Data Lake - Automatic Data Enhancement.Report","a85b79a188d0e939ea05","6e4103e50109e1b8a0b5","powerbi/src\Dataset - Azure Data Lake - Automatic Data Enhancement.Report\definition\pages\a85b79a188d0e939ea05\visuals\6e4103e50109e1b8a0b5\visual.json"
"users.trueai_group","Dataset - Azure Data Lake - Automatic Data Enhancement.Report","aaf5d6c58453bb4bb064","6e71cfe0b14ae708b455","powerbi/src\Dataset - Azure Data Lake - Automatic Data Enhancement.Report\definition\pages\aaf5d6c58453bb4bb064\visuals\6e71cfe0b14ae708b455\visual.json"
"users.trueai_group","Dataset - Azure Data Lake - Automatic Data Enhancement.Report","cfd209764a90655bdbc9","fae715596c10163a0095","powerbi/src\Dataset - Azure Data Lake - Automatic Data Enhancement.Report\definition\pages\cfd209764a90655bdbc9\visuals\fae715596c10163a0095\visual.json"
"users.trueai_group","Dataset - Azure Data Lake - Automatic Data Enhancement.Report","d119d14ac97d35c45e72","f297c2a8925d5ebffedd","powerbi/src\Dataset - Azure Data Lake - Automatic Data Enhancement.Report\definition\pages\d119d14ac97d35c45e72\visuals\f297c2a8925d5ebffedd\visual.json"
"users.trueai_group","Dataset - Azure Data Lake - Automatic Data Enhancement.Report","ReportSection","7c3de791a611239904e4","powerbi/src\Dataset - Azure Data Lake - Automatic Data Enhancement.Report\definition\pages\ReportSection\visuals\7c3de791a611239904e4\visual.json"
"users.trueai_group","Dataset - Azure Data Lake - Automatic Data Enhancement.Report","ReportSection0c5c45ca28e6e71b8dcb","4ba962371edf5c445e15","powerbi/src\Dataset - Azure Data Lake - Automatic Data Enhancement.Report\definition\pages\ReportSection0c5c45ca28e6e71b8dcb\visuals\4ba962371edf5c445e15\visual.json"
"users.trueai_group","Dataset - Azure Data Lake - Automatic Data Enhancement.Report","ReportSectionfb4ad4f9580c6f7021e2","0fa11786cbc227db5d0e","powerbi/src\Dataset - Azure Data Lake - Automatic Data Enhancement.Report\definition\pages\ReportSectionfb4ad4f9580c6f7021e2\visuals\0fa11786cbc227db5d0e\visual.json"
"users.trueai_group","Dataset - Azure Data Lake - Sales Performance.Report","5def521dc5aa28c708e2","8fa514aeac42a448605a","powerbi/src\Dataset - Azure Data Lake - Sales Performance.Report\definition\pages\5def521dc5aa28c708e2\visuals\8fa514aeac42a448605a\visual.json"
"users.trueai_group","Dataset - Azure Data Lake - Sales Performance.Report","8922fef1d0b327c706eb","30d1a1498dc077ba00a0","powerbi/src\Dataset - Azure Data Lake - Sales Performance.Report\definition\pages\8922fef1d0b327c706eb\visuals\30d1a1498dc077ba00a0\visual.json"
"users.trueai_group","Dataset - Azure Data Lake - Sales Performance.Report","8922fef1d0b327c706eb","97ea6fda8745e576ae7d","powerbi/src\Dataset - Azure Data Lake - Sales Performance.Report\definition\pages\8922fef1d0b327c706eb\visuals\97ea6fda8745e576ae7d\visual.json"
"users.trueai_group","Dataset - Azure Data Lake - Sales Performance.Report","a713ea891b75dfb680a3","ddf484f274b8d6b556fa","powerbi/src\Dataset - Azure Data Lake - Sales Performance.Report\definition\pages\a713ea891b75dfb680a3\visuals\ddf484f274b8d6b556fa\visual.json"
"users.trueai_group","Dataset - Azure Data Lake - Sales Performance.Report","d2dc746f765a3934c5dc","13f6f47d56544b52364d","powerbi/src\Dataset - Azure Data Lake - Sales Performance.Report\definition\pages\d2dc746f765a3934c5dc\visuals\13f6f47d56544b52364d\visual.json"
"users.trueai_group","Dataset - Azure Data Lake - Sales Performance.Report","d2dc746f765a3934c5dc","df018957a2bc73700d3c","powerbi/src\Dataset - Azure Data Lake - Sales Performance.Report\definition\pages\d2dc746f765a3934c5dc\visuals\df018957a2bc73700d3c\visual.json"
"users.trueai_group","Management Report.Report","0beeba5356e17846a179","2d3ed2c2ac0428153cad","powerbi/src\Management Report.Report\definition\pages\0beeba5356e17846a179\visuals\2d3ed2c2ac0428153cad\visual.json"
"users.trueai_group","Management Report.Report","0beeba5356e17846a179","a63ddb4ea0cf94d2c1e4","powerbi/src\Management Report.Report\definition\pages\0beeba5356e17846a179\visuals\a63ddb4ea0cf94d2c1e4\visual.json"
"users.trueai_group","Management Report.Report","19545e6f17c2a39c8b8c","57be15517e800a987c23","powerbi/src\Management Report.Report\definition\pages\19545e6f17c2a39c8b8c\visuals\57be15517e800a987c23\visual.json"
"users.trueai_group","Management Report.Report","4a2dcafcd031fd9e40f7","045bd2545bd802a0d136","powerbi/src\Management Report.Report\definition\pages\4a2dcafcd031fd9e40f7\visuals\045bd2545bd802a0d136\visual.json"
"users.trueai_group","Management Report.Report","4a2dcafcd031fd9e40f7","3bda69fbd41dac602269","powerbi/src\Management Report.Report\definition\pages\4a2dcafcd031fd9e40f7\visuals\3bda69fbd41dac602269\visual.json"
"users.trueai_group","Management Report.Report","4a2dcafcd031fd9e40f7","f9304d2286ad00937158","powerbi/src\Management Report.Report\definition\pages\4a2dcafcd031fd9e40f7\visuals\f9304d2286ad00937158\visual.json"
"users.trueai_group","Management Report.Report","504acf60792a22e9583a","3aea5b347ce0212b8a9e","powerbi/src\Management Report.Report\definition\pages\504acf60792a22e9583a\visuals\3aea5b347ce0212b8a9e\visual.json"
"users.trueai_group","Management Report.Report","5db374fe0e16d16471c3","d08369d0e2cb818510ef","powerbi/src\Management Report.Report\definition\pages\5db374fe0e16d16471c3\visuals\d08369d0e2cb818510ef\visual.json"
"users.trueai_group","Management Report.Report","5db374fe0e16d16471c3","d4b7538eb42490723690","powerbi/src\Management Report.Report\definition\pages\5db374fe0e16d16471c3\visuals\d4b7538eb42490723690\visual.json"
"users.trueai_group","Management Report.Report","7a0d99c82a8686e63554","16af24444994172b30c0","powerbi/src\Management Report.Report\definition\pages\7a0d99c82a8686e63554\visuals\16af24444994172b30c0\visual.json"
"users.trueai_group","Management Report.Report","7f82bd75990ba616902d","757995b546542bcc0415","powerbi/src\Management Report.Report\definition\pages\7f82bd75990ba616902d\visuals\757995b546542bcc0415\visual.json"
"users.trueai_group","Management Report.Report","a1a084cbe0010dc0217d","838541c302a9d6aed792","powerbi/src\Management Report.Report\definition\pages\a1a084cbe0010dc0217d\visuals\838541c302a9d6aed792\visual.json"
"users.trueai_group","Management Report.Report","a67c4ea363e2e8c79b91","f609b11052200b407a89","powerbi/src\Management Report.Report\definition\pages\a67c4ea363e2e8c79b91\visuals\f609b11052200b407a89\visual.json"
"users.trueai_group","Management Report.Report","d1f0b4e47ec402bba0c3","c54bc24be09cb8955b07","powerbi/src\Management Report.Report\definition\pages\d1f0b4e47ec402bba0c3\visuals\c54bc24be09cb8955b07\visual.json"
"users.trueai_group","Management Report.Report","ReportSection13eb70c2280d9d5d0b6d","623050d2122803472adb","powerbi/src\Management Report.Report\definition\pages\ReportSection13eb70c2280d9d5d0b6d\visuals\623050d2122803472adb\visual.json"
"users.trueai_group","Management Report.Report","ReportSection13eb70c2280d9d5d0b6d","ba2157ded0e8b633e343","powerbi/src\Management Report.Report\definition\pages\ReportSection13eb70c2280d9d5d0b6d\visuals\ba2157ded0e8b633e343\visual.json"
"users.trueai_group","Management Report.Report","ReportSectionc08d4590331ba8523fa9","b124a6118cfd104b6855","powerbi/src\Management Report.Report\definition\pages\ReportSectionc08d4590331ba8523fa9\visuals\b124a6118cfd104b6855\visual.json"
"users.trueai_group","Strategy Report.Report","1620767c4c0ce5527c53","60d80c8254200e47b620","powerbi/src\Strategy Report.Report\definition\pages\1620767c4c0ce5527c53\visuals\60d80c8254200e47b620\visual.json"
"users.trueai_group","Strategy Report.Report","20e1a4ec81d6719c331e","161029d52064544d6b1e","powerbi/src\Strategy Report.Report\definition\pages\20e1a4ec81d6719c331e\visuals\161029d52064544d6b1e\visual.json"
"users.trueai_group","Strategy Report.Report","5fa311f808ee2894b08a","a5bc2c8e57e7c8b592b1","powerbi/src\Strategy Report.Report\definition\pages\5fa311f808ee2894b08a\visuals\a5bc2c8e57e7c8b592b1\visual.json"
"users.trueai_group","Strategy Report.Report","622a53233633480da0ae","f2f7a360e38494729b6d","powerbi/src\Strategy Report.Report\definition\pages\622a53233633480da0ae\visuals\f2f7a360e38494729b6d\visual.json"
"users.trueai_group","Strategy Report.Report","696d661f070dd41a7206","4f3f59a464eab9042687","powerbi/src\Strategy Report.Report\definition\pages\696d661f070dd41a7206\visuals\4f3f59a464eab9042687\visual.json"
"users.trueai_group","Strategy Report.Report","7b9270b0122a87081a97","351d6e510bbd27e19721","powerbi/src\Strategy Report.Report\definition\pages\7b9270b0122a87081a97\visuals\351d6e510bbd27e19721\visual.json"
"users.trueai_group","Strategy Report.Report","7ccdebfd672051e0799d","296664d5847b4683ed04","powerbi/src\Strategy Report.Report\definition\pages\7ccdebfd672051e0799d\visuals\296664d5847b4683ed04\visual.json"
"users.trueai_group","Strategy Report.Report","7ccdebfd672051e0799d","2fd0869d1e76c8d67b03","powerbi/src\Strategy Report.Report\definition\pages\7ccdebfd672051e0799d\visuals\2fd0869d1e76c8d67b03\visual.json"
"users.trueai_group","Strategy Report.Report","7d954e6a40dc7a55d370","0406cfa7a9152ce17108","powerbi/src\Strategy Report.Report\definition\pages\7d954e6a40dc7a55d370\visuals\0406cfa7a9152ce17108\visual.json"
"users.trueai_group","Strategy Report.Report","8e940fbf596ebfc5deba","c6a399c20297d1e72876","powerbi/src\Strategy Report.Report\definition\pages\8e940fbf596ebfc5deba\visuals\c6a399c20297d1e72876\visual.json"
"users.trueai_group","Strategy Report.Report","9613185c0b5d01cc2e8b","d936ee91bbc702000e09","powerbi/src\Strategy Report.Report\definition\pages\9613185c0b5d01cc2e8b\visuals\d936ee91bbc702000e09\visual.json"
"users.trueai_group","Strategy Report.Report","9a7761f3d0b5d13c31b4","1273bc76b03b9094be4c","powerbi/src\Strategy Report.Report\definition\pages\9a7761f3d0b5d13c31b4\visuals\1273bc76b03b9094be4c\visual.json"
"users.trueai_group","Strategy Report.Report","a870a1bb0b6919938d14","05e08d71edde73548e28","powerbi/src\Strategy Report.Report\definition\pages\a870a1bb0b6919938d14\visuals\05e08d71edde73548e28\visual.json"
"users.trueai_group","Strategy Report.Report","b2298fbfb64c37e2a75a","6deae0ddda9837bd6da4","powerbi/src\Strategy Report.Report\definition\pages\b2298fbfb64c37e2a75a\visuals\6deae0ddda9837bd6da4\visual.json"
"users.trueai_group","Strategy Report.Report","b8914151d503db62b151","8a729234d36009769108","powerbi/src\Strategy Report.Report\definition\pages\b8914151d503db62b151\visuals\8a729234d36009769108\visual.json"
"users.trueai_group","Strategy Report.Report","bc74a4ff28fe9a0abc93","197cbb70f1513c0aeaf0","powerbi/src\Strategy Report.Report\definition\pages\bc74a4ff28fe9a0abc93\visuals\197cbb70f1513c0aeaf0\visual.json"
"users.trueai_group","Strategy Report.Report","c9f4197fb1d9c484cecd","2e3b42f4c234b4ec4996","powerbi/src\Strategy Report.Report\definition\pages\c9f4197fb1d9c484cecd\visuals\2e3b42f4c234b4ec4996\visual.json"
"users.trueai_group","Strategy Report.Report","d32b59d645711c6c6a4a","798f4d58e9610e6e0c59","powerbi/src\Strategy Report.Report\definition\pages\d32b59d645711c6c6a4a\visuals\798f4d58e9610e6e0c59\visual.json"
"users.trueai_group","Strategy Report.Report","ReportSection03ed78b54ee00ab0ed5d","739299211b011ab02180","powerbi/src\Strategy Report.Report\definition\pages\ReportSection03ed78b54ee00ab0ed5d\visuals\739299211b011ab02180\visual.json"
"users.trueai_group","Strategy Report.Report","ReportSection1252b003407e4ccc57ae","0fd5f9d5b1e3b8aa5592","powerbi/src\Strategy Report.Report\definition\pages\ReportSection1252b003407e4ccc57ae\visuals\0fd5f9d5b1e3b8aa5592\visual.json"
"users.trueai_group","Strategy Report.Report","ReportSection12f673ea22d93d640fb4","6fda1a0768193b768ceb","powerbi/src\Strategy Report.Report\definition\pages\ReportSection12f673ea22d93d640fb4\visuals\6fda1a0768193b768ceb\visual.json"
"users.trueai_group","Strategy Report.Report","ReportSection12f673ea22d93d640fb4","ec3d5e4ef148f60ab9bd","powerbi/src\Strategy Report.Report\definition\pages\ReportSection12f673ea22d93d640fb4\visuals\ec3d5e4ef148f60ab9bd\visual.json"
"users.trueai_group","Strategy Report.Report","ReportSection2c203df1d6a969d001c9","c87353beeb098ca8beca","powerbi/src\Strategy Report.Report\definition\pages\ReportSection2c203df1d6a969d001c9\visuals\c87353beeb098ca8beca\visual.json"
"users.trueai_group","Strategy Report.Report","ReportSection5f1aac2b759aead4e65f","00916951791c75ab1257","powerbi/src\Strategy Report.Report\definition\pages\ReportSection5f1aac2b759aead4e65f\visuals\00916951791c75ab1257\visual.json"
"users.trueai_group","Strategy Report.Report","ReportSection5f1aac2b759aead4e65f","3695133c0d4b0ac8541a","powerbi/src\Strategy Report.Report\definition\pages\ReportSection5f1aac2b759aead4e65f\visuals\3695133c0d4b0ac8541a\visual.json"
"users.trueai_group","Strategy Report.Report","ReportSection7536531a564a0674a972","6ba0a52c13fd2f5bb23d","powerbi/src\Strategy Report.Report\definition\pages\ReportSection7536531a564a0674a972\visuals\6ba0a52c13fd2f5bb23d\visual.json"
"users.trueai_group","Strategy Report.Report","ReportSection7536531a564a0674a972","ee8fb26e4b9699f9afdd","powerbi/src\Strategy Report.Report\definition\pages\ReportSection7536531a564a0674a972\visuals\ee8fb26e4b9699f9afdd\visual.json"
"users.trueai_group","Strategy Report.Report","ReportSection794587a77f471f93741e","94a79b11fd769296e899","powerbi/src\Strategy Report.Report\definition\pages\ReportSection794587a77f471f93741e\visuals\94a79b11fd769296e899\visual.json"
"users.trueai_group","Strategy Report.Report","ReportSection7d2b934ae82c9dbed878","29374b987f01a43cc933","powerbi/src\Strategy Report.Report\definition\pages\ReportSection7d2b934ae82c9dbed878\visuals\29374b987f01a43cc933\visual.json"
"users.trueai_group","Strategy Report.Report","ReportSection7d2b934ae82c9dbed878","33875d35dc22fd29ed2e","powerbi/src\Strategy Report.Report\definition\pages\ReportSection7d2b934ae82c9dbed878\visuals\33875d35dc22fd29ed2e\visual.json"
"users.trueai_group","Strategy Report.Report","ReportSection7d2b934ae82c9dbed878","7c2a9d27c1545da8dbae","powerbi/src\Strategy Report.Report\definition\pages\ReportSection7d2b934ae82c9dbed878\visuals\7c2a9d27c1545da8dbae\visual.json"
"users.trueai_group","Strategy Report.Report","ReportSection7d2b934ae82c9dbed878","f58f523d91f02b80972d","powerbi/src\Strategy Report.Report\definition\pages\ReportSection7d2b934ae82c9dbed878\visuals\f58f523d91f02b80972d\visual.json"
"users.trueai_group","Strategy Report.Report","ReportSection8e195fc0bacff3bf81e8","eb01ea3dce6a5fdddbfb","powerbi/src\Strategy Report.Report\definition\pages\ReportSection8e195fc0bacff3bf81e8\visuals\eb01ea3dce6a5fdddbfb\visual.json"
"users.trueai_group","Strategy Report.Report","ReportSectiona1953eed9a96c05789af","1d0ddac2615eff754dd2","powerbi/src\Strategy Report.Report\definition\pages\ReportSectiona1953eed9a96c05789af\visuals\1d0ddac2615eff754dd2\visual.json"
"users.trueai_group","Strategy Report.Report","ReportSectionb411a324406434ef62d2","26a0b5cc763ec6304b83","powerbi/src\Strategy Report.Report\definition\pages\ReportSectionb411a324406434ef62d2\visuals\26a0b5cc763ec6304b83\visual.json"
"users.trueai_group","Strategy Report.Report","ReportSectionb821801c632ff50fa5f5","3a90ab871523353a41e7","powerbi/src\Strategy Report.Report\definition\pages\ReportSectionb821801c632ff50fa5f5\visuals\3a90ab871523353a41e7\visual.json"
"users.trueai_group","Strategy Report.Report","ReportSectionb821801c632ff50fa5f5","5c7a8f65e07bd133d6dd","powerbi/src\Strategy Report.Report\definition\pages\ReportSectionb821801c632ff50fa5f5\visuals\5c7a8f65e07bd133d6dd\visual.json"
"users.trueai_group","Strategy Report.Report","ReportSectionb821801c632ff50fa5f5","b28927e6fb43f23b153f","powerbi/src\Strategy Report.Report\definition\pages\ReportSectionb821801c632ff50fa5f5\visuals\b28927e6fb43f23b153f\visual.json"
"users.trueai_group","Strategy Report.Report","ReportSectionb821801c632ff50fa5f5","ee244cbd71d3c34e82c8","powerbi/src\Strategy Report.Report\definition\pages\ReportSectionb821801c632ff50fa5f5\visuals\ee244cbd71d3c34e82c8\visual.json"
"users.trueai_group","Strategy Report.Report","ReportSectiond61e59bd3602ba4a6207","91641bf88626b1e321cd","powerbi/src\Strategy Report.Report\definition\pages\ReportSectiond61e59bd3602ba4a6207\visuals\91641bf88626b1e321cd\visual.json"
"users.trueai_group","Strategy Report.Report","ReportSectiond61e59bd3602ba4a6207","d9903380f436267abdfc","powerbi/src\Strategy Report.Report\definition\pages\ReportSectiond61e59bd3602ba4a6207\visuals\d9903380f436267abdfc\visual.json"
"users.trueai_group","Strategy Report.Report","ReportSectiondba0f7d79d63b13c9bdc","4512e653989f3f3e8ec8","powerbi/src\Strategy Report.Report\definition\pages\ReportSectiondba0f7d79d63b13c9bdc\visuals\4512e653989f3f3e8ec8\visual.json"
"users.trueai_group","Strategy Report.Report","ReportSectiondf5a7a5533d27e483bbb","1a615f8c6d1a60bb8f7a","powerbi/src\Strategy Report.Report\definition\pages\ReportSectiondf5a7a5533d27e483bbb\visuals\1a615f8c6d1a60bb8f7a\visual.json"
"users.trueai_group","Strategy Report.Report","ReportSectiondf5a7a5533d27e483bbb","a1e8b1c97e366e49c205","powerbi/src\Strategy Report.Report\definition\pages\ReportSectiondf5a7a5533d27e483bbb\visuals\a1e8b1c97e366e49c205\visual.json"
"users.trueai_group","Strategy Report.Report","ReportSectiondf5a7a5533d27e483bbb","f502c2b70ea02d4d310b","powerbi/src\Strategy Report.Report\definition\pages\ReportSectiondf5a7a5533d27e483bbb\visuals\f502c2b70ea02d4d310b\visual.json"
"users.trueai_group","Strategy Report.Report","ReportSectionfe1f4168c3550aa4051e","097107284318735f846d","powerbi/src\Strategy Report.Report\definition\pages\ReportSectionfe1f4168c3550aa4051e\visuals\097107284318735f846d\visual.json"
"users.trueai_group","Strategy Report.Report","ReportSectionfe1f4168c3550aa4051e","5946262ab6b8df350d86","powerbi/src\Strategy Report.Report\definition\pages\ReportSectionfe1f4168c3550aa4051e\visuals\5946262ab6b8df350d86\visual.json"
"users.trueai_group","Strategy Report.Report","ReportSectionfe1f4168c3550aa4051e","7b37561105ced8c66f07","powerbi/src\Strategy Report.Report\definition\pages\ReportSectionfe1f4168c3550aa4051e\visuals\7b37561105ced8c66f07\visual.json"
"users.trueai_group","Strategy Report.Report","ReportSectionfe1f4168c3550aa4051e","8524a9f8c5e87b27ec9f","powerbi/src\Strategy Report.Report\definition\pages\ReportSectionfe1f4168c3550aa4051e\visuals\8524a9f8c5e87b27ec9f\visual.json"
"users.trueai_group","Tactical Report.Report","126ef4df0d10b0774486","5d17bedda90b89639e52","powerbi/src\Tactical Report.Report\definition\pages\126ef4df0d10b0774486\visuals\5d17bedda90b89639e52\visual.json"
"users.trueai_group","Tactical Report.Report","3a15cd700bb019e6a288","0d04974c6da6100ce2a0","powerbi/src\Tactical Report.Report\definition\pages\3a15cd700bb019e6a288\visuals\0d04974c6da6100ce2a0\visual.json"
"users.trueai_group","Tactical Report.Report","3a15cd700bb019e6a288","a3a90a296505c969cbec","powerbi/src\Tactical Report.Report\definition\pages\3a15cd700bb019e6a288\visuals\a3a90a296505c969cbec\visual.json"
"users.trueai_group","Tactical Report.Report","3a15cd700bb019e6a288","d45ebe36a0770072444c","powerbi/src\Tactical Report.Report\definition\pages\3a15cd700bb019e6a288\visuals\d45ebe36a0770072444c\visual.json"
"users.trueai_group","Tactical Report.Report","3a15cd700bb019e6a288","dab4294508406016d028","powerbi/src\Tactical Report.Report\definition\pages\3a15cd700bb019e6a288\visuals\dab4294508406016d028\visual.json"
"users.trueai_group","Tactical Report.Report","79129d9692bb56e510ba","ebd4ddc1ed19bc98916d","powerbi/src\Tactical Report.Report\definition\pages\79129d9692bb56e510ba\visuals\ebd4ddc1ed19bc98916d\visual.json"
"users.trueai_group","Tactical Report.Report","82dcf02a4189900d965b","2015584bcd533e9b5921","powerbi/src\Tactical Report.Report\definition\pages\82dcf02a4189900d965b\visuals\2015584bcd533e9b5921\visual.json"
"users.trueai_group","Tactical Report.Report","82dcf02a4189900d965b","fb0c54b69f6a38314f70","powerbi/src\Tactical Report.Report\definition\pages\82dcf02a4189900d965b\visuals\fb0c54b69f6a38314f70\visual.json"
"users.trueai_group","Tactical Report.Report","87bc788fa67e223bcfa8","77db9ea088e9cb18ad67","powerbi/src\Tactical Report.Report\definition\pages\87bc788fa67e223bcfa8\visuals\77db9ea088e9cb18ad67\visual.json"
"users.trueai_group","Tactical Report.Report","87bc788fa67e223bcfa8","e3dbf445881d591a1f3d","powerbi/src\Tactical Report.Report\definition\pages\87bc788fa67e223bcfa8\visuals\e3dbf445881d591a1f3d\visual.json"
"users.trueai_group","Tactical Report.Report","a96bf4945092a0cbc890","8dbfdc009d830792e74b","powerbi/src\Tactical Report.Report\definition\pages\a96bf4945092a0cbc890\visuals\8dbfdc009d830792e74b\visual.json"
"users.trueai_group","Tactical Report.Report","a96bf4945092a0cbc890","8fe17d642b86a09a6ebd","powerbi/src\Tactical Report.Report\definition\pages\a96bf4945092a0cbc890\visuals\8fe17d642b86a09a6ebd\visual.json"
"users.trueai_group","Tactical Report.Report","eea62335e208de25f76b","12a61381abff8f054afe","powerbi/src\Tactical Report.Report\definition\pages\eea62335e208de25f76b\visuals\12a61381abff8f054afe\visual.json"
"users.trueai_group","Tactical Report.Report","eea62335e208de25f76b","6e177ff8304df15723c5","powerbi/src\Tactical Report.Report\definition\pages\eea62335e208de25f76b\visuals\6e177ff8304df15723c5\visual.json"
"users.trueai_group","Tactical Report.Report","ReportSection6717998380eaea943771","8d5a6233e9a66ba4b7a2","powerbi/src\Tactical Report.Report\definition\pages\ReportSection6717998380eaea943771\visuals\8d5a6233e9a66ba4b7a2\visual.json"
"users.trueai_group","Tactical Report.Report","ReportSectiond2a994c01997299edb28","78c3511b685a263da34b","powerbi/src\Tactical Report.Report\definition\pages\ReportSectiond2a994c01997299edb28\visuals\78c3511b685a263da34b\visual.json"
"users.trueai_group","Tactical Report.Report","ReportSectionf8ab74ff42083000a395","66f2c0331805a9a03102","powerbi/src\Tactical Report.Report\definition\pages\ReportSectionf8ab74ff42083000a395\visuals\66f2c0331805a9a03102\visual.json"
"users.trueai_group","Tactical Report.Report","ReportSectionf8ab74ff42083000a395","6ab5ea8f367728362872","powerbi/src\Tactical Report.Report\definition\pages\ReportSectionf8ab74ff42083000a395\visuals\6ab5ea8f367728362872\visual.json"
"users.trueai_group","Tactical Report.Report","ReportSectionf8ab74ff42083000a395","74a97e442ed2ac50fcb9","powerbi/src\Tactical Report.Report\definition\pages\ReportSectionf8ab74ff42083000a395\visuals\74a97e442ed2ac50fcb9\visual.json"
"users.trueai_group","Tactical Report.Report","ReportSectionf8ab74ff42083000a395","9bb713f524b9f8dcca4a","powerbi/src\Tactical Report.Report\definition\pages\ReportSectionf8ab74ff42083000a395\visuals\9bb713f524b9f8dcca4a\visual.json"
"users.trueai_group","Tactical Report.Report","ReportSectionf8ab74ff42083000a395","a3e994b8fc152d5ecaf2","powerbi/src\Tactical Report.Report\definition\pages\ReportSectionf8ab74ff42083000a395\visuals\a3e994b8fc152d5ecaf2\visual.json"
"users.trueai_group","Tactical Report.Report","ReportSectionf8ab74ff42083000a395","cc34b73202034e483523","powerbi/src\Tactical Report.Report\definition\pages\ReportSectionf8ab74ff42083000a395\visuals\cc34b73202034e483523\visual.json"
"users.trueai_group","Tactical Report.Report","ReportSectionffa1a1d34509d8640669","54129eadc65ca1525f76","powerbi/src\Tactical Report.Report\definition\pages\ReportSectionffa1a1d34509d8640669\visuals\54129eadc65ca1525f76\visual.json"
"users.trueai_group","Utility Box Report.Report","15a15a99646c4f717832","34d238a5658234e02e5a","powerbi/src\Utility Box Report.Report\definition\pages\15a15a99646c4f717832\visuals\34d238a5658234e02e5a\visual.json"
"users.trueai_group","Utility Box Report.Report","15a15a99646c4f717832","9d425a8d8a48eeead546","powerbi/src\Utility Box Report.Report\definition\pages\15a15a99646c4f717832\visuals\9d425a8d8a48eeead546\visual.json"
"users.trueai_group","Utility Box Report.Report","3a03a9be24b5b2ae2c9b","0e13434e0b8857294426","powerbi/src\Utility Box Report.Report\definition\pages\3a03a9be24b5b2ae2c9b\visuals\0e13434e0b8857294426\visual.json"
"users.trueai_group","Utility Box Report.Report","3a03a9be24b5b2ae2c9b","878f7d22179e760e022d","powerbi/src\Utility Box Report.Report\definition\pages\3a03a9be24b5b2ae2c9b\visuals\878f7d22179e760e022d\visual.json"
"users.trueai_group","Utility Box Report.Report","447501c875465686d172","2e253d651448269cbea7","powerbi/src\Utility Box Report.Report\definition\pages\447501c875465686d172\visuals\2e253d651448269cbea7\visual.json"
"users.trueai_group","Utility Box Report.Report","447501c875465686d172","b09ad63bc479680ba53b","powerbi/src\Utility Box Report.Report\definition\pages\447501c875465686d172\visuals\b09ad63bc479680ba53b\visual.json"
"users.trueai_group","Utility Box Report.Report","447501c875465686d172","e67a567c8d12896a3d8c","powerbi/src\Utility Box Report.Report\definition\pages\447501c875465686d172\visuals\e67a567c8d12896a3d8c\visual.json"
"users.trueai_group","Utility Box Report.Report","51a09a56298deae712b1","ed7e105806b9c4b01e11","powerbi/src\Utility Box Report.Report\definition\pages\51a09a56298deae712b1\visuals\ed7e105806b9c4b01e11\visual.json"
"users.trueai_group","Utility Box Report.Report","58a975377e2f5fd3e4f8","0baee661160a4c3cc31c","powerbi/src\Utility Box Report.Report\definition\pages\58a975377e2f5fd3e4f8\visuals\0baee661160a4c3cc31c\visual.json"
"users.trueai_group","Utility Box Report.Report","a942e750c982450606e7","1e11d3b870d07ea284e8","powerbi/src\Utility Box Report.Report\definition\pages\a942e750c982450606e7\visuals\1e11d3b870d07ea284e8\visual.json"
"users.trueai_group","Utility Box Report.Report","a942e750c982450606e7","cf9ba2abc23490b6afa4","powerbi/src\Utility Box Report.Report\definition\pages\a942e750c982450606e7\visuals\cf9ba2abc23490b6afa4\visual.json"
"users.trueai_group","Utility Box Report.Report","a942e750c982450606e7","e3e748c00938337806ed","powerbi/src\Utility Box Report.Report\definition\pages\a942e750c982450606e7\visuals\e3e748c00938337806ed\visual.json"
"users.trueai_group","Utility Box Report.Report","aec7d7d514ed891e59ab","2be8478e49be0b42edea","powerbi/src\Utility Box Report.Report\definition\pages\aec7d7d514ed891e59ab\visuals\2be8478e49be0b42edea\visual.json"
"users.trueai_group","Utility Box Report.Report","e187e664c8b44d29c4bb","76651232d2fd4f9e08e6","powerbi/src\Utility Box Report.Report\definition\pages\e187e664c8b44d29c4bb\visuals\76651232d2fd4f9e08e6\visual.json"
"users.trueai_group","Utility Box Report.Report","ReportSection05179fa4982b5daaab4c","3042912ec4773a88efd6","powerbi/src\Utility Box Report.Report\definition\pages\ReportSection05179fa4982b5daaab4c\visuals\3042912ec4773a88efd6\visual.json"
"users.trueai_group","Utility Box Report.Report","ReportSection05179fa4982b5daaab4c","766cd390405bf1ad4d34","powerbi/src\Utility Box Report.Report\definition\pages\ReportSection05179fa4982b5daaab4c\visuals\766cd390405bf1ad4d34\visual.json"
"users.trueai_group","Utility Box Report.Report","ReportSection05179fa4982b5daaab4c","fe1db4c9ae3629f53a44","powerbi/src\Utility Box Report.Report\definition\pages\ReportSection05179fa4982b5daaab4c\visuals\fe1db4c9ae3629f53a44\visual.json"
"users.trueai_group","Utility Box Report.Report","ReportSection0d7789146e205d7e67bd","1a5c7708e3466b230deb","powerbi/src\Utility Box Report.Report\definition\pages\ReportSection0d7789146e205d7e67bd\visuals\1a5c7708e3466b230deb\visual.json"
"users.trueai_group","Utility Box Report.Report","ReportSection0d7789146e205d7e67bd","2b9549371a041882b4dd","powerbi/src\Utility Box Report.Report\definition\pages\ReportSection0d7789146e205d7e67bd\visuals\2b9549371a041882b4dd\visual.json"
"users.trueai_group","Utility Box Report.Report","ReportSection4319327bba682b70a6e5","e73433d1a42c91cad969","powerbi/src\Utility Box Report.Report\definition\pages\ReportSection4319327bba682b70a6e5\visuals\e73433d1a42c91cad969\visual.json"
"users.trueai_group","Utility Box Report.Report","ReportSection4319327bba682b70a6e5","fc02ef7559d8dabacd40","powerbi/src\Utility Box Report.Report\definition\pages\ReportSection4319327bba682b70a6e5\visuals\fc02ef7559d8dabacd40\visual.json"
"users.trueai_group","Utility Box Report.Report","ReportSection94a70202746d362656ab","37594deedde08411d8f2","powerbi/src\Utility Box Report.Report\definition\pages\ReportSection94a70202746d362656ab\visuals\37594deedde08411d8f2\visual.json"
"users.trueai_group","Utility Box Report.Report","ReportSection94a70202746d362656ab","5073bc14daf5c9f52c63","powerbi/src\Utility Box Report.Report\definition\pages\ReportSection94a70202746d362656ab\visuals\5073bc14daf5c9f52c63\visual.json"
"users.trueai_group","Utility Box Report.Report","ReportSection94a70202746d362656ab","b5dc32d11531ca4954a4","powerbi/src\Utility Box Report.Report\definition\pages\ReportSection94a70202746d362656ab\visuals\b5dc32d11531ca4954a4\visual.json"
"users.trueai_group","Utility Box Report.Report","ReportSection94a70202746d362656ab","d56b1fd9eaa48919c1f0","powerbi/src\Utility Box Report.Report\definition\pages\ReportSection94a70202746d362656ab\visuals\d56b1fd9eaa48919c1f0\visual.json"
"users.trueai_group","Utility Box Report.Report","ReportSection94a70202746d362656ab","edf2ee45faa50f57cc71","powerbi/src\Utility Box Report.Report\definition\pages\ReportSection94a70202746d362656ab\visuals\edf2ee45faa50f57cc71\visual.json"
"users.trueai_group","Utility Box Report.Report","ReportSection94a70202746d362656ab","f26d98fb2e515d34c1fc","powerbi/src\Utility Box Report.Report\definition\pages\ReportSection94a70202746d362656ab\visuals\f26d98fb2e515d34c1fc\visual.json"
"users.trueai_group","Utility Box Report.Report","ReportSectiondbc5175da7311ee3a079","4693946372ee4b6577e0","powerbi/src\Utility Box Report.Report\definition\pages\ReportSectiondbc5175da7311ee3a079\visuals\4693946372ee4b6577e0\visual.json"
"users.trueai_group","Utility Box Report.Report","ReportSectione72f4b35184d90d39744","5092c45961a7604e5ea9","powerbi/src\Utility Box Report.Report\definition\pages\ReportSectione72f4b35184d90d39744\visuals\5092c45961a7604e5ea9\visual.json"
"users.trueai_group","Utility Box Report.Report","ReportSectione72f4b35184d90d39744","517b103032a5e568415a","powerbi/src\Utility Box Report.Report\definition\pages\ReportSectione72f4b35184d90d39744\visuals\517b103032a5e568415a\visual.json"
